name,lat,lon,city,username,password
"AB Miniplex: Shivranjini Cross Road, Satellite",23.02494,72.52938,3,karthiga,qC0BCQeaBy
Amber Cinema: Ahmedabad,23.03431,72.62002,3,RedvelvetDaisuki,4WNyPxMc4Nr
Anupam Cinema: Ahmedabad,23.00656,72.61333,3,Damonashu,YAuiT6k7g
"Apsara Cinema, Behrampura",23.0039742,72.597468,3,bskai,xPWLi1LjR
"Aradhana Cinema, Behrampura",23.00396,72.5975195,3,shuzzable,QDwaJLpqIi2
Carnival: Himalaya Mall,23.04708,72.53093,3,terune_uzumaki,KbwR4SbE
"Cinemax: Dev Arc, Ahmedabad",23.02573,72.50776,3,Bas_G,jtC7LRXmxJt
"Cinemax: Red Carpet, Ahmedabad",23.07968,72.5277,3,punane,FaX098ewnjw
"Cinemax: Shiv, Ahmedabad",23.03188,72.57103,3,-otaku-sama-,TKzBQW2G
"Cinepolis: Alpha One Mall, Ahmedabad",23.03952,72.53199,3,sprite1989,407LcLDt
City Gold Satellite: Ahmedabad,23.01568,72.52992,3,thetreedude,O214wTot6dv
City Gold: Ashram Road,23.0319,72.56999,3,Heihouka,SISFgRaNWi
City Gold: Bapunagar,23.03743,72.61513,3,HimeAria,6qZHgyEQP
City Gold: Bopal,23.02869,72.47856,3,Skallington,7hwcJ9lcc
City Gold: Motera,23.09203,72.59319,3,Slimak,kwjaVBlX
Devi Multiplex: Naroda,23.07253,72.64998,3,Elysiun,VZhHh3v97Ht
"Galaxy, Station Road",23.0748037,72.6554437,3,jimothy000,gwV9VyxKm
"Hanjar Cinema, Gandhi Ashram",23.0263983,72.6040875,3,MistButterfly,TnRG39u7rX
K Sera Sera: SG Highway,23.02873,72.50858,3,BadAngel,t46KdbO8
"Mira Cinema, Bhairavnath Road",22.9972166,72.5927863,3,Not_Rijad,u026CJ9WQTm
Miraj Cinemas Cine Pride: Krishna Nagar,23.05369,72.64335,3,ProperBritish,LtJ7TOTHP
"Miraj Cinemas: Vitthal Plaza, New Naroda",23.07891,72.67304,3,Cranberry_cakes,IaJ1OzmRh
Miraj City Pulse: Ahmedabad,23.01467,72.5964,3,yen_otaku,DkGJ4dx3
"Mukta A2 Cinemas: Gulmohar Park Mall, Satellite Rd",23.02655,72.50996,3,kioniel,5NzDfP0DHI
"PVR: Acropolis, Ahmedabad",23.04884,72.51621,3,iLLMaTiCc,l3iuH1rR9z8
"PVR: Arved Transcube, Ahmedabad",23.0685,72.57602,3,Xinil,wDYZiOZRW1P
"PVR: Motera, Ahmedabad",23.10273,72.59521,3,xxhatechasexx,AU4I92E7s
Rajhans Cinemas: Nikol,23.05089,72.66758,3,helenply,xqpmB4khT7
Rajhans Cinemas: Satadhar,23.06663,72.53127,3,cfoordddd,F7xQY86bR
Revolution Multiplex: Ahmedabad,22.99858,72.63548,3,hood_rad,MOZI88lt
"Sapna Cinema, Juhapura",22.9855719,72.500771,3,sweetangie,vstPKKIEKbn
"Shital Cinema, Gomtipur",23.0217999,72.6105388,3,detestedlove311,kq6wKCEc
"Shree Balaji Agora Mall, Chandkheda",23.1144241,72.5679062,3,ihasabucket,yM83PNGUL
"Time Cinema: CG Road, Ahmedabad",23.02435,72.55651,3,YunYun_Pachina,m18VlWZRx
"Usha Talkies, Gomtipur",23.017995,72.6152555,3,morbid3500,x0or80Hq6mZ
Wide Angle: Ahmedabad,23.02457,72.50745,3,xTheFallenx,kB5GXMXIi
"7D Mastii: Element Mall, Nagwara",13.04541,77.6266,1,L-LawlietDN,6564Zgrka
"7D Mastiii: Forum Value Mall, Whitefield",12.95972,77.74778,1,zZKinhoZz,1y0jk42co8Q
"7D Voyage: Central Mall, Bellandur",12.9264,77.67533,1,xXxToxic94xXx,MBfAvJhGSrR
7D VR Voyage: Garuda Mall,12.97004,77.60999,1,SaberWolfKaiNi,sFz7eSwZFiw
Abhinay Theatre: Gandhi Nagar,12.97354,77.57755,1,glittermilk,b2QtS28f1x
Akash Cinemas (Rajeshwari Theatre): Laggere,13.01481,77.51611,1,asksam,n5vJWQd6QXY
Amruth Theatre: Lingarajapuram,13.01244,77.62621,1,misumimi,npX9wje1W7S
"Anand Theatre, No-268",13.011335,77.609965,1,fluffylonewolf,CmGBYOQZB
Anjan Digital 4K A/C Cinema: Magadi Road,12.97517,77.55891,1,Lithuelle,Lw1g7INs
Anupama Theatre: Gandhinagar,12.97616,77.5756,1,scootarski,eJvk1O9he
Aruna Theatre: Srirampuram,12.98679,77.56722,1,Cheek16,MCtH5rWswN0
"Ascendas Park Square Mall, EPIP",12.987032,77.736366,1,bruital-legend,7hYvYy6Cg
Balaji Digital 2K Cinema: Tavarekere,12.92554,77.60781,1,Yukia-Kontan,0LVet8vPnO
"Bharathi Chitra Mandira, Dasarahalli",13.0415115,77.5175238,1,Goudarz,D0Oe2GdT
Bhumika Digital 2K Cinema: Gandhinagar,12.97382,77.57964,1,Akihara,pdtfIhDLz
Carnival: Rockline Mall,13.04075,77.51825,1,Tomoki-sama,LGfPYVM5B
Cauvery Theatre: Sankey Road,13.00256,77.58328,1,Sakurei,AnwzihmUAW
Chandrodaya Digital 2K Cinema: Vidyapeeta Circle,12.93546,77.56129,1,Johnny_FBI,zARxOPXr
Cinepolis: Binnypet Mall,12.96579,77.56202,1,raickos,F744azoTfBs
"Cinepolis: Orion East Mall, Banaswadi",13.00121,77.63265,1,josh62,VUixvWd8bBm
Cinepolis: Royal Meenakshi Mall,12.876,77.59582,1,Spike,0Sit1YrttN
Cinesquare Savitha Theatre: Malleshwaram,12.99296,77.57113,1,Perfection_Freak,2eGJKqmdDnj
"Deepak Theatre, Mahatma Gandhi Road",12.997947,77.5405319,1,AAA,MNQARQYFH3
Eshwari Digital 2K Cinema: Banashankari,12.92359,77.55344,1,CarinaLuna,8VzVMhWIkjq
Everest Digital 2K Cinema: Frazer Town,13.00013,77.61844,1,K_P,IpcahghmP
"Fame Shankarnag Chitramandira, Mahatma Gandhi Road",12.9743036,77.6098151,1,LyannaStark,y4g3ZK5Q
"Fun Cinemas: Sigma Mall, Bengaluru",12.9882,77.59477,1,xXsim00Xx,Xo17nCRj3Rf
Galaxy Paradise Screen 1: Bommanahalli Hosur Rd,12.89108,77.62648,1,Kyousuke,yuobSx8gEA
Galaxy Paradise: Screen 2,12.89108,77.62648,1,Redylo,24D8IF0s6P
"Ganesh Theatre, Attur",13.1001929,77.5872728,1,Eab1990,v3HFOv9tm3
"Gopalan Cinemas: Arcade Mall, Mysore Road",12.93531,77.51761,1,magedgamed,SvT3ZjjHK
Gopalan Cinemas: Bannerghatta Road,12.91444,77.5994,1,edwardf,wS686OIL
Gopalan Grand Mall: Old Madras Road,12.99336,77.66397,1,diordiah,wjQIHwO4P
"Gopalan Miniplex: Signature Mall, Old Madras Road",12.99299,77.66188,1,saphireninja,bwc5yxqX
Goverdhan Theatre: Yeshwantpur,13.02163,77.55132,1,ShinyShinigami,N9i6AAHd
"Guru Siddeshwara Chitra Mandira, Anjanapura",12.8728904,77.5575757,1,Tyricky,QYSS1cjmv
HMT Digital 4K Cinema: Jalahalli,13.0495,77.5439,1,Chocostars,mm85eLPaq
Innovative Multiplex: Marathahalli,12.9519,77.69905,1,KawaiiChiyo,LUyq8mh4TJa
"INOX Lido: Off MG Road, Ulsoor",12.97324,77.62128,1,Marie7,Qa2aLj5r
INOX: Brookefield Mall,12.96623,77.71794,1,Gigikasp,TBCkf9nq
"INOX: Central, JP Nagar, Mantri Junction",12.9164,77.59241,1,Unwind,5CdXx3qOC
"INOX: Forum Neighbourhood Mall, Whitefield",12.9595,77.74789,1,demitel,7yzt5q04Tbg
"INOX: Garuda Mall, Magrath Road",12.97009,77.60943,1,geauxtiger1,EUYrkMZHvkk
"INOX: Garuda Swagath Mall, Jayanagar",12.92906,77.59123,1,SenpajBiju,erIDFWKl
"INOX: Mantri Square, Malleshwaram",12.99216,77.5703,1,Tahretsim,lTAGO6qacT
Kamakya Cinema: Banashankari,12.92331,77.55334,1,saligkaros,Uh2eZ862Y
Kapali Theatre: Gandhi Nagar,12.97791,77.57578,1,anime_fan_800,B8JGSp5H7NE
Keshava Theatre -,13.0282203,77.5538235,1,shiftyichi,GbH2kUwK
Lakshmi Digital 4K Cinema: Tavarekere,12.92524,77.60775,1,LeakoSuzuki,nochsj5l
"Lakshmi Theatre, Dharmaram College",12.9362,77.6028377,1,WhatsUpWitches,73gsigQvT
"Lavanya, Sivan Chetty Gardens",12.9848012,77.6148355,1,HotDogLoli,AF14mtETAKN
Maheshwari Digital 4K Cinema: Bannerghatta Road,12.92339,77.59894,1,Kuba747,v6HeDO92N
Manasa Digital 4K Dolby Atmos: Konanakunte,12.89064,77.5622,1,Wizzaroo,EqBJBRDc6iK
"Manasa Theatre, Doddakallasandra",12.8906129,77.5622187,1,IHeartRainbows44,tFQdJZ4mgC6
Menaka Talkies: Gandhi Nagar,12.97314,77.57934,1,Tracy_Zski,aaTu8lduLU2
"Mohan Theatre, Magadi Main Road",12.9987083,77.5035393,1,pim,LoD1d55hbYR
Movie Land,12.9788182,77.5755948,1,Keval91,tyWCCrqu
Mukunda Dolby Atmos: M S Nagar,13.00325,77.63585,1,Vins,W0J93o74k
Murali Gokula Digital 4K Cinema: Mathikere,13.03842,77.5526,1,Zrockerstrawhat,TUzJVSC6JD
"N Lakshmi Chitra Mandira, B G Road",12.860183,77.589458,1,Azula_Yatzugami,RlLG2lDykl
"Nalanda Theatre, Mysore Road",12.9605832,77.5578493,1,Tekiru,RtGdIb3Qp
"Narendra Talkies, Arabic College",13.026733,77.62075,1,sharonzili,9lWktrN5H3X
Nartaki Theatre: Gandhi Nagar,12.9743,77.57619,1,Seishuku,NnQWBxu5
Nataraj Theatre: Sheshadripuram,12.9897863,77.5729823,1,SynysterKobra,PDV5hBTFo
Navrang Theatre: Rajaji Nagar,12.99784,77.5528,1,Estebanrojas,09DbydRquLF
"Padma Theatre, Amruthahalli",13.0687241,77.6026388,1,saeyoungwife,iOHP4aqWRM
Parimala Digital 2K Cinema: K.R.Market,12.963107,77.57705,1,DulcetPerfection,GUcqRjopw
Poornima Theatre: J.C. Road,12.96096,77.58742,1,Rorek,mKqEnRZ5
Pradeep Theatre: K.R.Market,12.963106,77.577049,1,aimeetron,4q80KwRgfZk
"Prasanna Theatre, Magadi Road",12.9740859,77.5520529,1,siscorevolution,ulGnPHhd
Pushpanjali A/C Theatre: B.N. Pura,12.99809,77.67521,1,VestedChaos144,wDAhv58GF1
"Pushpanjali Talkies, Dinnur Main Road",13.0218949,77.6031292,1,lowbitsoundninja,ddUYvbzfx
"PVR: Arena Mahadevapura, Bengaluru",12.97991,77.69319,1,LaevusII,ZgCKJgRz
"PVR: Forum Gold, Bengaluru",12.93463,77.6113,1,Kryptonik,aCFoB1V3
"PVR: Forum, Bengaluru",12.93463,77.6113,1,z435363443,S9CMzy9D
"PVR: IMAX, VR Bengaluru, Whitefield",12.99639,77.69531,1,Roxs,PGVebjV1
"PVR: Market City (4DX), Bengaluru",12.99725,77.69573,1,LoveLess19,CV9xEK1DI
"PVR: Market City, Bengaluru",12.99725,77.69573,1,Raven_Tanya,bWAomblsrn
"PVR: MSR Elements Mall, Bengaluru",13.04516,77.62658,1,vorex,wLgrxW1VIXh
"PVR: Orion Gold, Rajajinagar",13.011,77.55509,1,Gor3byss333,HPPyGSWDZAm
"PVR: Orion, Rajajinagar",13.011,77.55509,1,PrinceRen,JHdBUgSDJP
"PVR: Pepsi IMAX, Koramangala",12.93455,77.61109,1,EvilMink,9QEgNghl85
"PVR: Soul Spirit Bellandur, Bengaluru",12.92676,77.67528,1,acsixma,CFOSouB4
"PVR: Vaishnavi Sapphire Mall, Bengaluru",13.02414,77.54897,1,nitewing34,snxxt4XK
"PVR: VR Gold, Bengaluru",12.99651,77.69526,1,ChicoDj_,fbD6IiZEvIM
"PVR: VR, Bengaluru",12.99651,77.69526,1,pro_devel,zOvim3I6U
Radhakrishna Theatre: R.T. Nagar,13.01337,77.59387,1,AnimeDude201,nek5gpbPr
"Raja Murali Theatre, Kodigehalli Sahakar Nagar(post)",13.0605001,77.5768534,1,brunomp,vBdNcEXBL
Rajarajeshwari Theatre: Nagarbhavi Circle,12.95695,77.50206,1,Mukkashi,n0q1EiztnU
"Ranganatha Theatre, Mysore Road",12.9632206,77.5663842,1,XresonanceX,kYAwQpnudu
Ravi Digital 2K Cinema: Ejipura,12.95124,77.62217,1,Rukawa,jkKAVH10f
Rex Theatre: Brigade Road,12.97262,77.60663,1,leSange,iPDL0KymP
"Robin Theatre, Chudenapura",12.9160026,77.479051,1,erky1039,bziKnMvrZGn
Sampige Digital 2k Cinema: Malleshwaram,12.99307,77.5711,1,iwakuralain,GfVS2J0n
Sandeep Theatre: Shivaji Nagar,12.98161,77.60294,1,Amar,WoPYryKczH
Sandhya Digital 4K Projection Dolby Atmos: Madiwal,12.92101,77.61794,1,Inrolam,AuEF9z5SdL
Sangeet Theatre: Shivaji Nagar,12.98161,77.60294,1,Mr_Ghost,AkZtgPMV
Santosh Theatre: Gandhinagar,12.97484,77.57638,1,Kaolla,AC3ywaq4
Sapna Theatre: Gandhi Nagar,12.9743,77.57619,1,acr429,MUVD9gAjH
Sharada Cinemas A/C: S.P Road,12.96528,77.58471,1,HellBoy,agsl4kdM
"Shobha Talkies, Bhabuji Nagar",12.9574781,77.543303,1,Saito23,577JzDKQnL
"Soundarya Mahal, Antharahalli",12.9032569,77.5861215,1,adi7639,n1DO22uZc
Sri Balaji Digital 2K Cinema: Viveknagar,12.95686,77.61944,1,Bombersuar1,UHReftK6e
Sri Kokila Theatre: Hosakerehalli,12.93363,77.5373,1,AtherakhiaDannan,DgeCeWZr
Sri Krishna Digital 2K Cinema: Bommanahalli,12.90535,77.62936,1,Dusterbayala,g5rZVnXIH
Sri Krishna Theatre: KR Puram,13.00889,77.69893,1,codytappen,QOs17MRhA
Sri Lakshmi Theatre: Ramamurthy Nagar,13.0103,77.67387,1,xXKawaiiSlayerXx,xMe6gLgN
"Sri Madeswara Chitra Mandira, Bangalore",12.9156484,77.5633059,1,Best-of-Anime,jk3x38ZQvG
"Sri Maruthi Theatre, Rajagopal Nagar",13.0122659,77.5098421,1,Oce,2uXLD90Dw
Sri Renuka Prasanna Theatre: J P Nagar,12.91506,77.58783,1,donicila,CyUzfP5Pt
"Sri Siddalingeswara Chitra Mandira, Bangalore",12.9037028,77.5804877,1,jukugo,kq3oFy2iCf
Sri Srinivasa Theatre: Padmanabanagara,12.90898,77.55804,1,AgehaChan,1p0U4ltHV
Sri Vajreshwari Theatre: Ullal,12.94238,77.48814,1,cardtrick,U6jnQAgnj
Sri Venkateshwara Theatre: Kengeri,12.90644,77.48277,1,TornadoTheDragon,CcYJ7cfD7
Sri Vinayaka A/C Digital 2K Cinemas: Varthur,12.93572,77.74443,1,-Kenjiro,Uhj8i0Gi
Sri Vinayaka Digital 2K Cinema (D.J.Halli),13.0144,77.60564,1,Froschfan,UeLkpON6r
"Srinivasa Chitra Mandira, Kadugodi",12.9885232,77.7660591,1,Starwin,Msi1ZAwdm
Srinivasa Digital 4K Cinema: S.G. Palya,12.93188,77.60772,1,EnemyAC130Above,Vd7bow9Of
"Sujatha Talkies, Deepanjalinagar",12.9618776,77.5473551,1,GlaceStark,DzWjzn7D27t
"Super Talkies, Chickpet",12.9678583,77.5699123,1,ahmi_chan,LWy8t8Fc
"The Cinema GT World: Magadi Rd, Bengaluru",12.97345,77.55171,1,Tsundora,U11Lk5n82t
Thirumala Digital 2K Cinema: Agara,12.91991,77.64969,1,ukiyo_,Ym0FU825Ra
Triveni Theatre: Gandhinagar,12.97628,77.57538,1,MariHeAl,Cu7BvHXGb
"Tulsi Chitra Mandira, Marathalli",12.956319,77.6981967,1,shinotenshibara,DS6GW9ZnkDB
"Uma Theatre, Chamrajpet",12.9554065,77.567022,1,x_LiluLoveless_x,9dR6CxW6Hu
Urvashi Digital 4K Cinema: Lalbagh Road,12.95607,77.58541,1,GDLC,MzO3QP3maEs
Vaibhav Digital 4K Cinema: Sanjaynagar,13.03558,77.57463,1,deactivatedshio,aazhXLQqG01
Vaibhavi A/C Theatre: Uttarahalli,12.90348,77.54415,1,FlashFrozen,iT6VvDevo
Vainidhi Digital 2K Cinemas (Chandan): Singapura,13.07427,77.5405,1,Tujumase,Oxd8vOYJ
Vaishnavi A/C Theatre: Uttarahalli,12.90348,77.54415,1,CrossbowJoe,tgtML930
Veerabhadreshwara Theatre: Kamala Nagar,12.9931,77.52909,1,nb,a7Mh0jGt7
Veeresh Cinemas Screen 1: Magadi Rd,12.97707,77.54595,1,5hya,77VA9Pjokz
Veeresh Cinemas Screen 2: Magadi Rd,12.97707,77.54595,1,Straightedge,X4T9I21GiqI
Venkateshwara A/c Digital 2K Cinema: K.R.Puram,13.00525,77.69667,1,nad33r,2mhZ60KSg7b
"Venkateshwara Cinemas: Gollarahatti,Magadi Rd",12.98848,77.47392,1,EviPhoenix,AHFoSvS0B3
Venkateshwara Digital 2K Cinema: Avalahalli Girina,12.94351,77.54797,1,firedancer,hJqlZntlJ
Vijay Theatre: Byatarayanapura,12.94846,77.53969,1,zlooo,dNYAD6S23Ee
Vijayalakshmi Digital 2K Cinema: Garudacharpalya,12.99348,77.70187,1,The_Lordian,3Yh40aPsW0C
"Vinayaka Chitra Mandira, Marathahalli",12.9557258,77.6995081,1,yuki_101191,ViIM4S0lk
"Vinayaka Theatre, Chamrajpet",12.9632205,77.5663841,1,Kristanno,wlVVDeql
Vinayaka Theatre: Harinagar,12.87488,77.57015,1,Ansaga,RiOwiqvZ
Vishal A/C Theatre: Kamakshipalya,12.98318,77.53018,1,feliciahardy,XqmtuSBzgZE
"Vullas Theatre, Yeshwantpura",13.019888,77.551474,1,DreamyEyes,miphbQwbP5
Abirami Cinemas: Chennai,13.086,80.24809,7,aak88,BP87TyvxJPb
"Agasthiya, T.H Road",13.1239102,80.2878637,7,melimelo126,9h2F4qk7t
AGS Cinemas: T. Nagar,13.04745,80.24485,7,shaoxiong,zh2qjM0HiK
AGS Cinemas: Villivakkam,13.10471,80.209,7,ms-usagi,Kf49Usp6
Albert Complex,13.0761554,80.2638409,7,weslleisan,uo1ty8Nbs8R
Anna Theatre: Chennai,13.06717,80.27129,7,AlexTheRiot,5R64j7BZT
"Annai Karumari, Virugambakkam",13.0530785,80.1931011,7,kyoto_citizen,vZpFtRvXzod
Arvind Theatre A/C dts,12.9153435,80.2297244,7,Maqad,5izycH50c
AVM Rajeswari A/C dts,13.0475424,80.2046086,7,RaeKai7,rcwrZd6Ji
"Baby Albert Theatre, Whannels Road",13.0761555,80.263841,7,dustychain,EVhnwFvr
"Bala Theatre, Anna Road",13.0949014,80.1855746,7,yggdrizzle,TFPswR80N6
Bharath Theatre Dolby AtmosDolby Atmos,13.1102599,80.2797875,7,ra-in,JHOPOlmvN0
Casino Theatre: Chennai,13.06868,80.27017,7,AwesomeKattyK,Y9tpj4R5S
"Chandran Theatre, Ashoknagar",13.0347676,80.2104299,7,Xepasenior,OHH1wWtNzv1
Devi Karumari A/C,13.0499059,80.1934024,7,VoliMedjed,yR7Ab4yP
Devicineplex,13.0662224,80.2707235,7,MrChoklit,kXs9NHoOh
Ega Cinema,13.0778725,80.2404635,7,Kayrarara,UjO0BS6Jvp2
Ganapathy Ram Theatre: Chennai,13.00397,80.25632,7,Miss_Elyon,yR1I2T7Vgo2
GK Cinemas 2K Dolby Atmos: Porur,13.03374,80.16108,7,Chocolatezz,BwTLpjWa
INOX National: Arcot Road,13.04689,80.19036,7,Destruc,Kwe1UoGQNS
"INOX: Chennai Citi Centre, Dr. RK Salai",13.04295,80.27379,7,-y-o-s-h-,lzb0NVT5
Jothi Theatre 4K A/c DTS: ST Thomas Mount,13.00611,80.20134,7,kennethmusicman,VYGIauzzcG
Kamala CinemasF&B;,13.0489837,80.2101709,7,Gigacorona,xsqZBuVQb
Kasi4K Dolby Atmos,13.0294637,80.2084348,7,Gabriel_Noschang,PmYFLdloJ0
"Krishnaveni, South Usman Raod",13.0346055,80.2307106,7,Bebop,XySvGhS2
Kumaran Theatre QUBE A/C DTS: Madipakkam,12.97191,80.19214,7,namiSWN,RQXFk3Ll0Z
Luxe Cinemas: Chennai,12.99154,80.21681,7,Lifeissohard,QsjN6U88
"Mahalakshmi Talkies, Strahans Road",13.0975215,80.256593,7,haeworlddd,We0v5pLo8AE
Maharani Theatre 2K dts,13.1175008,80.2842433,7,Azhazel,zboYnIuAly
"Mayura, Arakonam Road",13.0997993,80.1698389,7,Jiraiyan,9A1c20oDb
MM Theatre,13.1260232,80.2896379,7,Limpi,EYmAXkgVSc
Murugan Cinemas - AmbatturDolby Atmos,13.1135444,80.1572574,7,IoriYagami,vxWIWjY6
Nadhamuni Cinema,13.1034052,80.2022335,7,parallelhearts,gynFd8jaS
"Padmam, Poonamallee High Road",13.0690757,80.1889014,7,Kittyki,2nutnkjs
"Pandian, Moolakadai",13.1322548,80.2424585,7,Sirdante,gLOqkzVE
"PVR: Ampa, Chennai",13.07359,80.22138,7,p0nch0,tjEV6gVa
"PVR: Velachery, Chennai",12.97195,80.22036,7,lolbridget,faK3tb0c
Raj Theatre - A/C DTS: Chennai,13.0196,80.22324,7,myungyare,HFyBZD48X5B
Rakki Cinemas - Ambattur,13.1227657,80.1476317,7,ValeraN,wddVSOKmm
Rohini Silver Screens: Chennai,13.07575,80.19586,7,Tofs,TVdX4r2S9
"Roopam, Poonamallee High Road",13.0797983,80.2025852,7,Kriegsmarine,nMWSHstLdJY
Sangam Cinemas,13.0794633,80.2492933,7,reddcat,Vu5i7vjse
"Saravana Theatre, Brick Kiln Road",13.0928614,80.2515167,7,kendolli,ScUo2VbuDDm
"Sathyam Royapettah, Lloyds Estate",13.0553683,80.2579668,7,WishMeLuck,rdddxS4p8
"SK-Marlen Cinemas 2K, Guindy: Alandur",13.00176,80.20358,7,Remmirath,uEmzQnjYcN
"Spectrum Mall, Perambur North",13.1122465,80.2363247,7,lollypebbles,iH5zlXpF
Sri Bhuvaneshwari Theatre A/C dts,13.0916293,80.2583516,7,Artistichooves,p1Eq8rwr1k
Sri Ganga Cinemas Dolby Atmos - KolathurDolby Atmos,13.1252216,80.2181625,7,Depraved-Kun,YPo3q137
"Sri Murugan, Ambattur",13.100996,80.164051,7,Daisake,NdNeLiPk7zZ
Srinivasa Theatre,13.0310779,80.2250651,7,felipecchi,RlBHEgFrSFH
"The Forum Vijaya Mall, Vadapalani",13.0497383,80.2095368,7,darkviola101,8CKuWXGak
"Thirumurugan, Ambattur",13.1212603,80.1513583,7,redragon777,hUAfMAeoSje
Udhayam Complex,12.9596264,80.2433274,7,Acation,k53FjCYP
"Udhayam Theatre, Ashoknagar",13.0346888,80.2103968,7,natures-song,0iR38QwzVx
Vetrrivel Theatre 2K - Nanganallur,12.9801087,80.1821216,7,climhazzard03,Si6cpITuj
Woodlands Complex: Chennai,13.05656,80.26497,7,bakawingx,KpppLZEVune
"7D Mastiii: TDI Mall, Rajouri Garden, Delhi",28.65083,77.12087,2,StitchOtaku,Uu3nNqVNnA
Abhishek Cineplex: Chandni Chowk,28.65628,77.2342,2,werlwend,iqfVjk1mNv
Amba Cinema: Delhi,28.67724,77.20104,2,nighthawk741,vHzuOGFr8
"Batra Cinema, Dr.Mukerjee Nagar",28.7113494,77.2150536,2,watchfuleye,LrHVPSV2Kw2
Batra Reels Cinemas: New Friends Colony,28.56153,77.26865,2,mzkami,SJNgofRjns
Carnival: Odeon Complex,28.63429,77.22107,2,pedroivo27,s3J0LSglI
"Cinepolis: Cross River Mall, Mall, Shahdara",28.65681,77.30189,2,Tamah,OhoB08ksyUP
"Cinepolis: Unity One Mall Rohini, Delhi",28.71513,77.11631,2,aNTh0ny,i7GQ4CFmY
"Cinepolis: V3S Mall, Laxmi Nagar",28.63711,77.28606,2,ShiroNakamura,Kn1QDXf9
Delite Cinema: Asaf Ali Road,28.64122,77.23587,2,Lodella,5it6Vsxb
"DT Cinemas: DLF Place, Saket",28.5274,77.21713,2,Mael,vrVBDZ9K4
DT Cinemas: Savitri Complex GK2,28.54135,77.24011,2,Fangel,ygJgqzmVVf
"Fun Cinemas: North Square Mall, Pitampura",28.69151,77.14843,2,pointono,bZmo8zLx
"Fun Cinemas: TDI Mall, Moti Nagar",28.65668,77.13945,2,Mahashi,grtotStToX8
G3S Cinema: Rohini,28.73469,77.11376,2,Nekochokoreto,wzaPqfgMQ
Gagan Cinema: Delhi,28.69635,77.31493,2,bails649,r1VNUhbUvO
"Hans Cinema, G.T Karnal Road",28.7031355,77.1824101,2,Remainingecho,cSwGyRkEOF
INOX Eros One: Jangpura Extn,28.58122,77.24199,2,Flameneo,u55LzhxCiaT
Liberty Cinema: Karol Bagh,28.65941,77.18973,2,Kiranichi,cg5nmfEe
M Cinemas: East of Kailash (Gold Class),28.55923,77.24623,2,Nachorizo,EhWr2CGr
M2K: Pitampura,28.68925,77.13326,2,neenee,MYf2dsuAKig
M2K: Rohini,28.70094,77.1166,2,x_Sora,D4ey6co7
"Milan Cineplex, Karampura",28.6626009,77.1462858,2,zeran,Yj5Tc0bX54
Miraj Cinemas: Subhash Nagar,28.63874,77.1069,2,sazzaa,1P9JY0hFBS
"Moti Cinema, Chandni Chowk",28.656595,77.235293,2,iiNsanity,bUYzptSY
Movietime: Pitampura,28.70582,77.14283,2,hop-step-death,hr94ixF7
Movietime: Raja Garden,28.65266,77.12335,2,hearts-spades,xUtT79Fse
PVR Promenade: Vasant Kunj,28.54262,77.15575,2,Mentria,lJbmbpokD
"PVR: 3CS, Delhi",28.56778,77.24099,2,tack,CMk9DVaHC
"PVR: Anupam, Delhi",28.52374,77.20716,2,Yuenku,oI2pegN0T
"PVR: Director's Cut, Ambience Delhi",28.5408,77.15479,2,lala19,FQxxPo8Vt
"PVR: Naraina, Delhi",28.63308,77.13889,2,waypastlame,zdUqmsZ2guC
"PVR: Pacific, Delhi",28.64269,77.10595,2,hipernova,cY6S8wZUQ
"PVR: Plaza-CP, Delhi",28.63515,77.21966,2,Karez,KyAeVZ8i04e
"PVR: Prashant Vihar, Delhi",28.71251,77.13594,2,AnimeUnion,kqtM8gmXv
"PVR: Priya, Delhi",28.55732,77.16449,2,Pandaryu,TjfBGvxe
"PVR: Rivoli, Delhi",28.63101,77.21636,2,YordanYordanov,pQD9t54B
"PVR: Sangam, Delhi",28.57239,77.1735,2,Pewpers,vp7RX8I9Te
"PVR: Select City Walk (Gold), Delhi",28.52857,77.21973,2,Tsuui,OTVOKNqdv
"PVR: Select City Walk, Delhi",28.52857,77.21973,2,JHyunLover,6wXLYeaDPR2
PVR: Shalimar Bagh,28.70282,77.15833,2,Rynegawa,QLg4rFbg7RL
"PVR: Vikaspuri, Delhi",28.63902,77.07448,2,Nihi,0V9FGgSmpR
Q Cinemas: Shahdara,28.67512,77.28808,2,Ryenn,gGP4HNq7
"Ritz Cinema: Kashmere Gate, Delhi",28.66669,77.22984,2,EnderVargas,UWNzPNP20
Satyam Janak Place-NCR,28.629686,77.081896,2,drowse,DTH2l619XyG
Satyam Nehru Place-NCR,28.550044,77.251155,2,C00kiies,5PLjQ0zBH
Satyam Patel Nagar-NCR,28.6504,77.1576999,2,kounotori,lyJbo7Mt1
Shiela Cinema: Delhi,28.64457,77.21691,2,CamilleLuvsHoho,Lx6Vj44V
Suraj Cinema - Najafgarh-NCR,28.6111587,76.9764621,2,SAMOAK,vjnHEQCv0
"Vishal Cinema, Janta Market",28.6555642,77.118129,2,waterscape,KQb01RqG
Wave: Raja Garden,28.65193,77.1208,2,narunetto,1SfJ6u4bQz
Alankar (Pratap Theatre): Langer House,17.37651,78.4196,5,RotvyOckikano,wnEHNWFykQD
Amba Theatre: Mehdipatnam,17.39167,78.44133,5,Cherry-Life,ACFfyzHi
Anjali Theatre: Secunderabad,17.43751,78.49338,5,mikmikmikmikmik,gBU8h8s9FsO
Aradhna Theatre-Tarnaka,17.4248734,78.5333863,5,sargex,rNtBFDGf
Arjun 70MM: Kukatpally,17.49677,78.39703,5,Invisius,3pNpy53ZD
Asian CineSquare Multiplex: Uppal,17.40215,78.57207,5,idkanmoree,qFlDDXIB9m
Asian Ganga: Dilsukhnagar,17.36117,78.5231,5,VampireBear,VSdiiTrNeh
Asian GPR Multiplex: Kukatpally,17.49923,78.39067,5,babomemoskdjsiq,r2eoZQec
Asian Jyothi: RC Puram,17.50277,78.31221,5,Frau_Nebel,igQJx8Awtjm
Asian Lakshmikala Cinepride: Moosapet,17.46753,78.42831,5,Blissfulwish,Re2929qgR7
Asian M Cube Mall: Attapur,17.37169,78.43027,5,SPAZZDMR1337,efG516Q4opK
Asian Radhika Multiplex: ECIL,17.47656,78.56309,5,IPTN,ctbgTchrP
Asian Sha: Chintal,17.4922,78.45173,5,mmeidiana,qzvFet1IGQJ
Asian Shahensha: Chintal,17.4922,78.45173,5,Stormgrid,WmhSHh7Ws6B
Asian Shiva: Dilsukhnagar,17.36117,78.5231,5,Jario,cY6XQ6Tr25z
Asian Swapna 35mm: Katedan,17.31143,78.43869,5,deadkidspeaking,56Ne79AZEgV
Asian Swapna 70mm: Katedan,17.31143,78.43869,5,Amuya,J5o3XGhi
"ASR Cinemas, Madhuban Colony",17.3083079,78.4319946,5,jack-Beam,5tN3wmLQAMu
Bhujanga 70MM: Jeedimetla,17.5122,78.44861,5,Kiyoshi-chan,ITjUXJV4
BR Hitech 70mm: Madhapur,17.44442,78.38823,5,RjOkami,hSekUFNxqbY
"Brahmarambha 70 Mm, Hyder nagar",17.5000891,78.386969,5,Skitungen2,vRfGIz4E3
BVK Multiplex Vijayalakshmi: LB Nagar,17.34365,78.55422,5,Jotapelixo,ZMeuKUuQO
Carnival: Ameerpet,17.43026,78.44846,5,clannad187,D540mdY85A
Cine Town: Miyapur,17.49534,78.35329,5,5hortie,dYQRCtPL
"Cinepolis: CCPL Mall, Hyderabad",17.45718,78.53681,5,Awesomemikko,Jtd5GB9CDrl
"Cinepolis: Manjeera Mall, Kukatpally",17.48978,78.39322,5,purplepinapples,8YNeQCweMYh
"Cinepolis: Mantra Mall, Attapur",17.35388,78.4206,5,sanpatsu,jZ5xzmUMhwC
Devi 70mm 4K & Dolby Atmos: RTC X Roads,17.40627,78.49504,5,firerez,sMGvyBrj
Galaxy Cinema: Toli Chowki,17.40324,78.41086,5,Leyzou,LTxZYAmpaH
"Ganga Theatre, Chaithanyapuri Colony",17.3719842,78.535892,5,Nollti,YVxyhcXUal0
Glory Cinema: Mallepally,17.39404,78.45831,5,Rosilius,YxJJlOKm
Gokul 70MM: Erragadda,17.45358,78.43435,5,Adryan0,v7IESzHocf
Indra: Karmanghat,17.34507,78.53179,5,DrawnIntoIt88,jECfQq4F
"INOX: GVK One, Banjara Hills",17.4195,78.44861,5,Lolitan,Hb8fu45S
"INOX: Maheshwari Parmeshwari Mall, Kachiguda",17.39052,78.48862,5,Stronglikesumo,um1JbSXB
Kalyani Movie Max: Bowenpally,17.47373,78.47971,5,Kamikochi,sdGxesMFX4
Konark: Dilsukhnagar,17.3686,78.51865,5,StaticzAvenger,4mugzU5DH0
Kumar Theatre: Kachiguda,17.38886,78.49632,5,holy_moses,zQ0y7MGaMqS
Lakshmi Kala Mandir: Alwal,17.49476,78.51121,5,FlameYeo,pWbxS2Gvu
"Mallikarjuna 70 Mm, Hyder nagar",17.5000892,78.38697,5,Ryan_,9cmBGglCd6i
"Manikanta, Reddy Colony",17.337529,78.549634,5,shelbo,RMALAFUgLKw
Manju Cinema: Kalasiguda,17.44048,78.4936,5,Dracos33,1kUNCoZj8Oo
Megha Theatre: Dilsukhnagar,17.36796,78.52666,5,kamciak,zEb96a1Hcv
Metro Cinema: Bahadurpura,17.35587,78.45374,5,mugeez,ILv4LrAB
"Miraj Cinemas: Shalini Shivani, Hyderabad",17.36764,78.5362,5,kurokial,mS4hFRnT
Mukta A2 Cinemas: Abids,17.38586,78.47723,5,luki,hDMv8uJBETB
"Nagendra 70 Mm, Main Road",17.3561,78.5333,5,Niichi01,FBFLdLQKs
Nagendra: Karmanghat,17.34507,78.53179,5,nictimes,MnFEaw8p
Nartaki Theatre: Alwal,17.49423,78.5133,5,Benzeo,BK2DllId9Lr
Padmavati Cinema: Kachiguda,17.39063,78.4916,5,rOrOnoaz94,RiRfRu2g
Prasads: Hyderabad,17.33215,78.47,5,Samurnor,1X2ZS3524
Prashant Cinema: Secunderabad,17.43958,78.49856,5,Maza,43fp8qkS
"Pratap Theatre, Gandhi Bhawan",17.3882628,78.4707395,5,shalynnines,jDfCzBSM
Priya Theatre: Malleypally,17.39049,78.4549,5,Mainoples,HPZiSuH2
"PVR Forum Sujana Mall: Kukatpally, Hyderabad",17.48452,78.38904,5,sakura567,DWtjFdp7Sq
"PVR: Inorbit, Cyberabad",17.43505,78.38674,5,lisekss,dpDbK3QWiY
"PVR: Panjagutta, Hyderabad",17.42675,78.45295,5,antsie,uqTFQW8MzL
"PVR: RK Cineplex, Hyderabad",17.42332,78.42792,5,moe2222,dMxy7YqK9t
Raghavendra 35mm: Malkajgiri,17.4513,78.53616,5,EvilGauche,H7Uhsj65GDi
Raghavendra 70mm: Malkajgiri,17.4513,78.53616,5,Cyclone012,LgAG4RJiI
Raghavendra Mini: Malkajgiri,17.4513,78.53616,5,Bindweed,COWcQWdKi
Rajdhani 70mm: Dilsukhnagar,17.36855,78.52989,5,jujuju,uafYUwjhrU
Rajdhani Deluxe Theatre: Dilsukhnagar,17.36897,78.52737,5,abdul18,B7ZN795S
Rajyalakshmi 70mm: Uppal,17.39664,78.5603,5,Melorie,pRu8RDnv
Ramakrishna 70MM - Indra Cinemas: Abids,17.38591,78.47678,5,BlackShooter4,tOxkL6Kt0
Ranga Theatre: Jeedimetla,17.51207,78.44833,5,mewtwo21,Hs3tc9WOV
Rukmini Cinema: Patancheru,17.53212,78.26473,5,Ronald_Magno,229meswYS2
Sai Ranga: Miyapur,17.49551,78.35974,5,masquerade04,NzV5nv8M
Sampoorna 70mm: Vanasthalipuram,17.33121,78.57603,5,konataotaku,4t0JJVeKxW
Sandhya 35mm: RTC X Roads,17.40691,78.49726,5,BernkastelChan,BVy1HhRle9
Sandhya 70mm: RTC X Roads,17.40691,78.49726,5,Guy950,v5DotSuOQ
Santosh Cinemas: Abids,17.39103,78.47569,5,WayRAD,XjTYFsF10Ec
Sapna Cinemas: Abids,17.39103,78.47569,5,SteffySama,OfNhldTFHIC
"Sapthagiri 70Mm, Ashoknagar",17.40743,78.496222,5,MonkeyDLuffyGir,Ms5Y0waglBo
Sapthagiri Theatre: RTC X Roads,17.40803,78.4968,5,ellowel,V7vqVkc1
Satyam Theatre: Ameerpet,17.43715,78.44877,5,Kazalam,VfoFkKnI6N
Select Talkies: Bolaram,17.51147,78.51067,5,setayy,dmsScO2R
Sensation Insomnia: Khairatabad,17.40693,78.46363,5,OkazukiIchigo,rhXYD5r8
Sensation Sunshine: Khairatabad,17.40714,78.46361,5,Subaru-sama,5EaqyegAC
Shama Cinema: Hyderabad,17.34158,78.46565,5,chandni,ozopSgmk
Shanti Theatre: Narayanaguda,17.39622,78.48986,5,lila94,WGAGqYmqjs
Sharada 70mm: Kapra,17.48324,78.55533,5,Xephia,8Vua9dDcmFc
"Sheeshmahal Cinema, Begumpet",17.43461,78.448894,5,mini_jello,q6CuseKH4iO
Shiva Parvathi Cinema: Kukatpally,17.4966,78.39707,5,alejolas,SocoPze7
"Shiva Theatre, Chaithanyapuri Colony",17.3610291,78.5229013,5,zealot1138,u52SKhJNdsC
Sree Rama Theatre: Bahadurpura,17.35449,78.4573,5,OtomeSan,GU8NzNBZ
Sree Ramana 70MM: Amberpet,17.39247,78.51578,5,Aria-da-Capo,BjaIeTs1jx
Sree Ramulu 70mm: Moosapet,17.46784,78.42939,5,Northen_Lights,cT2HN3XFbMG
Sree Sai Puja: Suraram,17.54458,78.43474,5,Miau,TcLu8DktE
Sree Sai Raja Theatre: Musheerabad,17.41634,78.49944,5,CrossBorn,gFdcZo6VV
Sri Krishna 70MM: Uppal,17.40084,78.56788,5,Bernadotte_Pip,YXeNKSZHZ
"Sri Lakshmi Deluxe, Main Road",17.494647,78.3977,5,Stowaway,Zx4qEDa6
Sri Lakshmi Deluxe: Karmanghat,17.34575,78.53156,5,Aectann,JhCGhlSjquA
Sri Mayuri Theatre: RTC X Roads,17.40747,78.49604,5,Fishbot_,aGXsEsV6HO
"Sri Sai Ram Theatre, MainRoad",17.368235,78.526694,5,Kishon,5Su25ypR1aU
Sri Sai Ram Theatre: Malkajgiri,17.44632,78.5354,5,BabYrHii,BMkf9r0Wb
Sridevi Cinema: Chilakalguda,17.43143,78.51297,5,Mortalis,XUOYMRRyADD
Srilatha and Sridevi Complex: Chanda Nagar,17.49805,78.3171,5,Thedrek,rONG6ESk
"Srinivas Theatre, Allapur",17.4345092,78.4467967,5,PvMVirus,xjUne1zBZLA
Srinivasa Talkies: Uppal,17.40106,78.56853,5,shadowrost,raaqhishYif
SSV Cine Park: Patancheru,17.53196,78.27094,5,0marakagami,88UcWloWJH
Sudarshan 35mm 4k & Dolby Atmos: RTC X Roads,17.40646,78.49503,5,Cleaye,QE5Sn4Cmi
"Suresh, Sitaphalmandi",17.4269211,78.5161231,5,mellolemonyello,373b63lo5
Sushma Cinema: Vanasthalipuram,17.3358,78.57353,5,Derdodo,LRgQ75CWu
SVC Cinemas Eeshwar: Attapur,17.36645,78.42768,5,ace-in-the-hole,NpH9us7U
SVC Mahalakshmi Screen 1: Kothapet,17.36944,78.53973,5,themirso,CDoAIk1F
SVC Mahalakshmi Screen 2: Kothapet,17.36944,78.53973,5,Lexxar97,Dsx7iOna
SVC Sangeetha Theatre: RC Puram,17.51352,78.2866,5,Shirt,AKnDApHZmv
SVR's Siva Sakthi Theatre: Kapra,17.47652,78.56276,5,Dr_Pepper,GyZYemLoPa
Talluri Theatres: Kushaiguda,17.47771,78.57246,5,Rakksha,V0RJjU5N91
Tarakarama Cineplex: Kachiguda,17.39065,78.48796,5,annann12,Iw1YXhpb
Tivoli Cinema: Extreme,17.44724,78.49246,5,fpsvash,LU5MkkQ3
Tivoli Cinema: Hyderabad,17.44833,78.49304,5,kazykoki,MRS4OquYRd
"Usha Mayuri, Ashoknagar",17.405727,78.488421,5,DireKnight,pCqXaNKVd
Venkatadri Cinema 70MM: Dilsukhnagar,17.36799,78.52345,5,Gorli,kerwy6RPzm
Venkataramana Cinema: Kachiguda,17.39069,78.49141,5,Mcrayne,c0uzOEd7FS
Vijetha 70MM: Borabanda,17.45421,78.41913,5,Crale86,gm3RaP0ITW
Vimal 70mm: Balanagar,17.46361,78.45124,5,SocialAwkward,SQKbvv3x
Vishnu Cinemas A/C DTS: Vanasthalipuram,17.33902,78.56577,5,Melfina2328,49sFYjph5n5
Viswanath 70MM Theater: Kukatpally,17.49677,78.39703,5,alysael,cDIK2CACQ3
Vyjayanthi Cinema: Nacharam,17.42889,78.55238,5,Souvlaki_,VJMeG5wGMhB
Yadagiri Theatre: Santosh Nagar,17.34657,78.50888,5,Miaoster,3PmjVIzOoZ4
"Yakut Mahal Talkies, Yakutpura",17.3616553,78.4857269,5,Espe,rUr8wJ4mmB
"Ajantha Theatre, Mattancherry Jetty",9.9538634,76.2475442,6,ShadowJackal35,4fLZ94Y2oC
"Cinemax: Oberon, Kochi",10.01432,76.31232,6,Hozu,zfkBVHsVBij
"Cinepolis: Centre Square Mall, Kochi",9.9778687,76.2831729,6,Aonike,vtI90tY1FWs
"Cinepolis: VIP Centre Square Mall, Kochi",9.9778687,76.2831729,6,ButterflyBoi,Mm4fLKps
"Evm Cinema Studio, KSRTC Road",9.9468236,76.2556623,6,strei,rWzJ1mIq
EVM Kavitha Theatre 2K UFO: Ernakulam,9.978573,76.28262,6,Negative9999103,JZgaghZOcwk
"Jayalakshmi Talkies, Palluruthy",9.924479,76.2714001,6,Dinamet7,VppTFqq968q
"Jyothy, PP Road",9.9579586,76.2902266,6,fossilboy904,ieZGj3Rrx
"Kanoos Cinema, Panampilly Nagar",9.9598034,76.2892536,6,Serf12,SjwciPE7jSE
Padma Cinema Screen 1: Ernakulam,9.981755,76.2826,6,Alylyc,dpYS2QyLiz
Padma Cinema Screen 2: Ernakulam,9.981755,76.2826,6,LikeSame,z22iekyg
"Pratheeksha Theatre, Kumbalangi Road",9.9142577,76.2788272,6,RakShine,7AQsODW6IW
Q Cinemas: Gold Souk Grande,9.977553,76.31627,6,ImDigital,tHBbjivekU8
Sarita Cinema: Kochi,9.984626,76.27759,6,ilikestarcraft,CivB4F6SE
Sridar Cinemas: Ernakulam,9.979525,76.27683,6,-vania-,QdpawikG8Ty
11D Adventureplex: Quest Mall,22.52575,88.35952,0,RumpPlug,vKvrVo8w
7D Adventure Plex: Mani Square Mall,22.57758,88.4006,0,Maebara_Keiichi,WQdHnjEGmo
"Aleya Cinema, Ballygunge RS",22.52022,88.367129,0,Elyasis,FoES37Wbp7A
Asoka Cinema: Behala,22.49382,88.31637,0,Xylphan,tUrBW16r
"Basusree, SP Mukherjee Road",22.5226283,88.3462934,0,rebel6,97PCvIorC
"Bhabani Cinema, Indrani Park",22.5055091,88.3451152,0,LordRavenM,vBFEbisk
"Bijoli Cinema, Bhawanipore",22.5271158,88.34657,0,Elysiumx,QEtOZnp52
Bina Cinema - Kolkatta,22.5814515,88.3658105,0,Blutiger_Engel,RGuczbfq9
"Chabighar, Parsibagan",22.5795878,88.3724625,0,paranoein,CxbNNx0ZNdJ
"Cinepolis: Acropolis Mall, Kolkata",22.51558,88.39319,0,ViewtifulFella,Z5VQcj0D
"Cinepolis: Lake Mall, Kolkata",22.51652,88.34876,0,AnimeFan71194,JhiZhDdk
"Crown Cinema, Dharmatala",22.5598378,88.3582877,0,snake_123,TapVlUAfkU
"Darpana, Bidhan Sarani",22.5977679,88.372279,0,jaina12,L5xav9yL
"Elite Cinema, Dharmatala",22.5630154,88.3538713,0,rubyleehs,DqpCUIIJcL
"Ellora Cinema, Behala Municipal Market",22.5000008,88.31873,0,MrFlatTv,QIbrx2ja
Hind INOX: Kolkata,22.56492,88.3591,0,guilherme14kj,QCTfBb7GF
Indira Cinema: Kolkata,22.52712,88.34657,0,tykmerc,fJsAYudBqsA
"INOX: Forum Mall, Elgin Road",22.53844,88.3513,0,YeremyGx,v8psdz96
INOX: Hiland Park,22.48339,88.39075,0,Tsukizero,f9Y5g7p7U
INOX: Quest Mall,22.53914,88.36565,0,tormentsu,AVjvwT4Mf
INOX: Quest Mall (Insignia),22.53914,88.36565,0,otakumuch,b6mgyXUTZX
"INOX: South City, Kolkata",22.50136,88.36196,0,Pixelname,WmVqwKfln
"INOX: Swabhumi, Maulana Azad Sarani",22.57114,88.40126,0,jabcook,cZGfK5HBAFr
"Jagat, Sealdah",22.5714426,88.371308,0,Michie,uJaceMOia45
"Kamal Talkies, Garden Reach",22.5485444,88.2891741,0,Cynic_Focus,KkR47yBc
"Khatoon Mahal, Garden Reach",22.5486653,88.2809764,0,Juncess,EJoDPr1L
"Liberty Cinema, Beadon Street",22.5887838,88.3632207,0,Caliburnus,0lkyZRnvY
London Paris: Mukti World Ballygunge,22.52623,88.36665,0,Makunouchi-Ippo,aYIhTXyQewH
"Malancha Cinema, Netaji Nagar",22.4870162,88.3506847,0,Startracker,xvwf2ygR
"Mayur Cinema, Chittaranjan Avenue",22.5751236,88.3538911,0,firetrickz,b2TYyZrsEv7
Menoka Cinema: Kolkata,22.51115,88.35068,0,AriaVengeance,U3H9HZ55D
"Minar Cinema, R.G.Kar Medical College",22.5973062,88.3718559,0,asukai_kun,TDJH2tiwEaU
Mitra Cinema Hall: Kolkata,22.59727,88.37205,0,DaytymeLantern,w8luGig3
"Moonlight Cinema, Chittaranjan Avenue",22.5775595,88.3598131,0,Imberqqi,pfhCdDeM
Navina Cinema: Tollygunge,22.501,88.34881,0,Natyyds,ioQQoUzP
"Netro, Dum Dum",22.6210274,88.3928183,0,amcsi,l3Ot3caXYU4
"New Empire Cinema, New Market",22.5605129,88.3514889,0,aQrka,ckxAWJ1S
"Padmasree Cinema, Jadavpore",22.4728672,88.37637,0,willmcgowan85,rRkoHdVk
Paradise Cinema: Kolkata,22.5668,88.35196,0,BEEEEH,ulnyyFiYSv
"Park Show House, Shakespeare Sarani",22.5462997,88.3622103,0,NarutoxXSasuke,dPuGNh0Ar
"Prabhat Cinema, Barabazar",22.5789136,88.3606355,0,Warida,LKaXf7gpCef
Prachi Cinema: Kolkata,22.56487,88.36829,0,jsoebb,yPFmEZMk
Priya Cinema: Rashbehari Avenue,22.51794,88.35438,0,faywan,iuZOhNoj
"PVR: Mani Square Mall, Kolkata",22.57771,88.4009,0,Werew0lfBowrE,iSCd0Er03
"Ragini Cinema, Beliaghata",22.5616213,88.4063598,0,Stephlovesmanga,PrNnVPtLmtY
"Regal Cinema, Dharmatala",22.5628269,88.3526567,0,jockerint,6q6ULagdR
Regal Cinema: Kolkata,22.56284,88.35266,0,lmismyl,ycYUGotrFk
Roxy Talkies: Kolkata,22.56229,88.35205,0,nova_h,F6rUcTt4Ey
"Star Theatre, Bidhan Sarani",22.5972365,88.3719017,0,starlit-elf,8B6G8ac6N
"Talkie Show House, Sibdas Bhaduri St",22.5985914,88.373945,0,speedevil,0kraotfav6
24 Karat: Jogeshwari,19.14108,72.84372,4,snowballbubble,sYcRY5iqb6
"Akash Cinema, Kurla North",19.0668861,72.8786582,4,shinnsan,A7MGDj2B9
"Alankar Cinema, Ambewadi",18.9579554,72.8254315,4,Kinsley,3cyX5pv684B
"Amar Theatre, Chembur",19.0523111,72.9101544,4,overlord_666,fAsYjidANKN
"Ashish Theatre, Chembur Extension",19.039534,72.89525,4,Tanake,IJYm2s9az
Bahar Cinema: Vile Parle (E),19.10867,72.85335,4,iraigen,NpMSLNFQN
"Bharat Chitra Mandir, Kurla North",19.071989,72.884082,4,isamff,xzSyWclmymm
Bharat Cineplex: Kurla (W),19.06685,72.87733,4,Yuusa,roF9bb4S
"Carnival: Annex Mall, Borivali",19.21546,72.86812,4,Noyx444,Hj4WBGrHLnq
"Carnival: Dreams Mall, Bhandup",19.14617,72.93694,4,bserker9,7kv9xfMBBSh
"Carnival: Harmony Mall, Oshiwara",19.15756,72.83473,4,troffle,nwuTOjIW
"Carnival: Huma, Kanjurmarg",19.12873,72.92615,4,Foxheart417,MBJVjWZz7qt
"Carnival: IMAX, Wadala",19.03122,72.881,4,Wolther,bXorGuopTt6
"Carnival: Moviestar, Goregaon",19.1513,72.84638,4,Myopia,fvC7EyqsVvk
Carnival: R Mall Mulund,19.18385,72.95173,4,PacificPikachu,1LkNbYe9yW1
"Carnival: Sangam, Andheri",19.11239,72.86467,4,Myrmidon83,bHURbCX8aDu
Central Plaza: Girgaon,18.95464,72.81875,4,Acidblood,UOEASG0f
Chandan Cinema: Juhu,19.1147,72.8269,4,I-AM-HELLS-SON,iW576xYAZt
Chitra Cinema: Dadar (E),19.01336,72.84388,4,Natsu_same,DEqQDDTIq
Cinemax: Andheri (E),19.11633,72.85641,4,trinicanh,wIk5bfXx
Cinemax: Goregaon (W),19.15758,72.84491,4,Rebecca,w8lXFptz
"Cinemax: Infiniti Mall, Malad (W)",19.18512,72.83401,4,c0rnhorse,uJCTCjTkJE
"Cinemax: R Odeon Mall, Ghatkopar (E)",19.0796,72.90937,4,mato1004,19xMvAvlOg
"Cinepolis: Fun Republic Mall, Andheri (W)",19.13469,72.83279,4,ehhhhhhh,8UcOYJ3oMu
"Cinepolis: Magnet Mall, Bhandup (W)",19.14114,72.93097,4,kmgd14,TskpsYFITFE
Citylight Cinema: Mahim,19.03054,72.84139,4,N0SPH3RATU,HgpzMmEAw
"Edward Talkies, Kalbadevi",18.945067,72.828944,4,kyunxd,tTiivqsmv1T
EROS Theatre,18.932265,72.8279021,4,lenofrex,0AB9qcPPF
"Fun Cinemas: K Star Mall, Chembur",19.05235,72.90172,4,keitamb,yYTBrgSS
G7 Multiplex: Bandra (W),19.06148,72.83872,4,tessachidori1,WtrbWUDP
Gold Cinema: Dadar (E),19.00916,72.84208,4,Arl-,Lfe9v8ZCQ6
Gold Cinema: Santacruz (W),19.08958,72.83912,4,Areq,vI8mYYGRQfZ
Gold Cinema: Sona Borivali (E),19.23479,72.86494,4,xxreinyaxx,Uta6ssnuxg
"Gulshan Cinema, Ambewadi",18.9611893,72.8237326,4,Syrums,hXJ9d3q9B
"Imperial Cinema Pvt Ltd., Ambewadi",18.9585704,72.8174214,4,FineBreeder,yjhumMCg
"INOX Laserplex: CR2, Nariman Point",18.92648,72.82293,4,the8deadlysin,55JnYHRS
"INOX: Inorbit Mall, Malad (W)",19.17238,72.83547,4,SgCloud,ZFE6rQXIT
"INOX: Nakshatra Mall, Dadar (W)",19.0199,72.84133,4,DestradoTehRei,EIQIcPtT4
"INOX: Neelyog, Ghatkopar (E)",19.08522,72.90917,4,clannad3,inx9iMjy
"INOX: Raghuleela Mall, Kandivali (W)",19.21345,72.84918,4,GreatTeacherKen,WIPGpjbXqE
"INOX: R-City, Ghatkopar",19.09982,72.91545,4,ninjadante,d5mbK5kNzf
"INOX: Thakur Movie, Kandivali (E)",19.21198,72.87165,4,Kurokihime,O9juRwUa
"Kalpana Cinema, Kurla North",19.0774572,72.8789704,4,Duck-Luck,QSRZGp06
"Kamran Theatre, Kurla North",19.077327,72.8788352,4,Blackdragonwar,HowhnMmuC7
Kasturba Cinema: Malad,19.18786,72.84753,4,Marifrit,3oo1gBZfw4v
"Kings Cinema, Kurla North",19.0774291,72.8789924,4,Revan_Starkiller,n8rEm2zy
"KSS Miniplex, Kurla North",19.0819265,72.8861376,4,june3buggy,topWsFjC
Le Reve (Globus): Bandra (W),19.05605,72.83383,4,Brightless,nRP6ZzdcAS
Liberty Cinema: Marine Lines,18.94143,72.82727,4,darkpetr,kar8UU2hY
Maratha Mandir: Mumbai Central,18.97133,72.82214,4,Egg_Striker,bSTDIilLC
Maxus Cinemas: Borivali (W),19.23223,72.82884,4,AllieChen,lgvGUxiEjhA
Maxus Cinemas: Saki Naka,19.09339,72.88374,4,sitioalto,ugZr3irE4
"Mayur Cinema, Subhash Lane",19.2020115,72.8450572,4,loli-san,WwtohBfwCzZ
"Metro INOX Cinemas, Marine Lines",18.9430131,72.8288781,4,fizzychi,bf7l8jNPv
Miraj Anupam Cinemas: Goregaon (E),19.16545,72.85126,4,byi42,Gj3HX7US7Pf
Miraj Thakur Cinemas: Kandivali (E),19.20909,72.87242,4,harhar-chan,BULODIf6PP
"Moti Cinema, Ambewadi",18.9583336,72.8265371,4,JazzyWooWoo,ybHniuUh
Movietime Star City: Matunga (W),19.0286,72.8436,4,hamaji-chan,76Uq8l9Jy3
Movietime Suburbia: Bandra (W),19.06099,72.83685,4,AcidHearts,V88cN0FaY
Movietime: Dahisar (E),19.25194,72.86307,4,l_Kaicho_l,Y1zhICm8f
Movietime: Malad,19.18909,72.83519,4,DarkDisast3r,ihzEV6mMYl
"Movietime: The Hub, Goregaon",19.1548,72.85626,4,21animegirl21,Kt090e4QS
"Mukta A2 Cinemas: Jai Hind, Lalbaugh",18.98584,72.83596,4,Athelfirth,s4Q6VXKamP
"Mukta A2 Cinemas: Topiwala, Goregaon",19.16381,72.84758,4,xBoada,lBi3smT3rBK
Nandi Cinema: National Library Road,19.05546,72.83874,4,IAmDavey,j2o3sSaz4d
Natraj Cinema: Chembur,19.06247,72.89922,4,RedKnight,uQcVurfuNb
New Excelsior Mukta A2 Cinemas: Fort,18.93768,72.83344,4,id,VZi9QY6F
"New Shirin Talkies, Agripada",18.9811379,72.8260349,4,Majcha,QWzRHfCQq
"Nishat Talkies, Falkland Road",18.9620811,72.8237374,4,KajaKamisama,aLaBoAg85tQ
"Palace Talkies, V J B Udyan",18.9759324,72.8331947,4,LORENZANA,wQ2COTdA
Paradise E-Square Cinema: Mahim,19.0372,72.84256,4,Itena,razKV5XShY
Plaza Cinema: Dadar,19.02185,72.84276,4,RlYKEN,bdLCbgkSpa
Premier Gold: Dongri,18.96089,72.83809,4,Kazumi_Hyuuga,Kly3xJkbCD
Premiere Cinema: Dadar (E),19.00752,72.84061,4,Bloo-Chan,s1lRWVFC
PVR ICON: Versova,19.14147,72.83059,4,silencio,dT67x7FQ82
PVR ICON: Versova (Gold),19.14147,72.83059,4,moegopher,yVB37rhg3e
"PVR: Citi Mall, Andheri (W)",19.13854,72.83122,4,gulag0rkestar,mBxK2dVmW
"PVR: Dynamix, Juhu",19.11482,72.82753,4,cekeki,ZeZ5CXd4B
"PVR: Growel, Kandivali (E)",19.20261,72.86005,4,WanderingUlysses,DGSepgjAq
"PVR: Market City, Kurla (4DX)",19.08571,72.88842,4,xWhiteTears,YQqc4FLDq
"PVR: Market City, Kurla (Gold)",19.08571,72.88842,4,FunnyBunny,A4JQI5nw
"PVR: Market City, Kurla (Premiere)",19.08571,72.88842,4,CrystalDeity,BhrvOiiq
"PVR: Milap, Kandivali (W)",19.19617,72.84706,4,Asu-chan,K278gc2WBs
"PVR: Nirmal Lifestyle, Mulund (W)",19.16732,72.93695,4,ecoute,lSDDYl5q
"PVR: Oberoi Mall, Goregaon (E)",19.17399,72.86125,4,AX3M,tlBR5bcZw
"PVR: Phoenix, Kotak IMAX, Lower Parel",18.9952,72.82407,4,Mochii-kuuuun,YmhuaDYRNjJ
"PVR: Phoenix, Lower Parel",18.9952,72.82407,4,BokuWaFang,1nqAHSude5
PVR: Sion,19.04175,72.86422,4,Kaito_W,IVKRanBFF
"PVR: Sona Shopping Centre, Kandivali (W)",19.20243,72.8511,4,migo0110,5qMhPQ9uYRE
Regal Cinema: Colaba,18.92472,72.83243,4,Jiruga0005,ADcqdNA2
"RNA Play Cinema: Kalanagar, Bandra (E)",19.06131,72.85097,4,SP1FF,IHyQONri
Roxy Cinema: Charni Road,18.95486,72.81667,4,hibino,7a2vPEa02
"Royal Talkies, Falkland Road",18.9614956,72.8238455,4,live4evil,tPb1zc9g6
Sangeeta Cineplex: Malad,19.18976,72.85168,4,RedVampire,sY6HT5ywb
"Shalimar Cinema, Bharat Nagar",18.9616462,72.8210111,4,vasvird,IJAxceDKqLD
"Sharad Talkies, Chembur",19.0506621,72.9104431,4,Soul_Smoke,ERmreYM70O
Sharada Cinema: Dadar (E),19.01385,72.84666,4,LadyMal,3mClqxbuD
"Sheetal Cinema, Kurla North",19.0825802,72.8822279,4,Weapo,fc00nw7RrxW
"Shri Krishna Cinema, Bhandup Ind. Estate",19.151394,72.936919,4,Jony,gmlvh8ge7X
"Silver Cinema, Ambewadi",18.9586775,72.8254684,4,ChuuiHawkeye,ZkpOTW7m
Sterling Cineplex: Fort,18.93838,72.83307,4,AJIKA,sbGHMxLX4
Sun City: Vile Parle,19.10541,72.84651,4,Mellorox9,28stUNToX
"Super Cinema, Bharat Nagar",18.9620626,72.8209921,4,k8m0nst3r,iaqEdcYm
Super Cinema: Grant Road,18.962068,72.821162,4,Nodzomi,v6UWs3cS
