name,lat,lon,city
"AB Miniplex: Shivranjini Cross Road, Satellite",23.02494,72.52938,2
Amber Cinema: Ahmedabad,23.03431,72.62002,2
Anupam Cinema: Ahmedabad,23.00656,72.61333,2
"Apsara Cinema, Behrampura",23.0039742,72.597468,2
"Aradhana Cinema, Behrampura",23.00396,72.5975195,2
Carnival: Himalaya Mall,23.04708,72.53093,2
"Cinemax: Dev Arc, Ahmedabad",23.02573,72.50776,2
"Cinemax: Red Carpet, Ahmedabad",23.07968,72.5277,2
"Cinemax: Shiv, Ahmedabad",23.03188,72.57103,2
"Cinepolis: Alpha One Mall, Ahmedabad",23.03952,72.53199,2
City Gold Satellite: Ahmedabad,23.01568,72.52992,2
City Gold: Ashram Road,23.0319,72.56999,2
City Gold: Bapunagar,23.03743,72.61513,2
City Gold: Bopal,23.02869,72.47856,2
City Gold: Motera,23.09203,72.59319,2
Devi Multiplex: Naroda,23.07253,72.64998,2
"Galaxy, Station Road",23.0748037,72.6554437,2
"Hanjar Cinema, Gandhi Ashram",23.0263983,72.6040875,2
K Sera Sera: SG Highway,23.02873,72.50858,2
"Mira Cinema, Bhairavnath Road",22.9972166,72.5927863,2
Miraj Cinemas Cine Pride: Krishna Nagar,23.05369,72.64335,2
"Miraj Cinemas: Vitthal Plaza, New Naroda",23.07891,72.67304,2
Miraj City Pulse: Ahmedabad,23.01467,72.5964,2
"Mukta A2 Cinemas: Gulmohar Park Mall, Satellite Rd",23.02655,72.50996,2
"PVR: Acropolis, Ahmedabad",23.04884,72.51621,2
"PVR: Arved Transcube, Ahmedabad",23.0685,72.57602,2
"PVR: Motera, Ahmedabad",23.10273,72.59521,2
Rajhans Cinemas: Nikol,23.05089,72.66758,2
Rajhans Cinemas: Satadhar,23.06663,72.53127,2
Revolution Multiplex: Ahmedabad,22.99858,72.63548,2
"Sapna Cinema, Juhapura",22.9855719,72.500771,2
"Shital Cinema, Gomtipur",23.0217999,72.6105388,2
"Shree Balaji Agora Mall, Chandkheda",23.1144241,72.5679062,2
"Time Cinema: CG Road, Ahmedabad",23.02435,72.55651,2
"Usha Talkies, Gomtipur",23.017995,72.6152555,2
Wide Angle: Ahmedabad,23.02457,72.50745,2
"7D Mastii: Element Mall, Nagwara",13.04541,77.6266,1
"7D Mastiii: Forum Value Mall, Whitefield",12.95972,77.74778,1
"7D Voyage: Central Mall, Bellandur",12.9264,77.67533,1
7D VR Voyage: Garuda Mall,12.97004,77.60999,1
Abhinay Theatre: Gandhi Nagar,12.97354,77.57755,1
Akash Cinemas (Rajeshwari Theatre): Laggere,13.01481,77.51611,1
Amruth Theatre: Lingarajapuram,13.01244,77.62621,1
"Anand Theatre, No-268",13.011335,77.609965,1
Anjan Digital 4K A/C Cinema: Magadi Road,12.97517,77.55891,1
Anupama Theatre: Gandhinagar,12.97616,77.5756,1
Aruna Theatre: Srirampuram,12.98679,77.56722,1
"Ascendas Park Square Mall, EPIP",12.987032,77.736366,1
Balaji Digital 2K Cinema: Tavarekere,12.92554,77.60781,1
"Bharathi Chitra Mandira, Dasarahalli",13.0415115,77.5175238,1
Bhumika Digital 2K Cinema: Gandhinagar,12.97382,77.57964,1
Carnival: Rockline Mall,13.04075,77.51825,1
Cauvery Theatre: Sankey Road,13.00256,77.58328,1
Chandrodaya Digital 2K Cinema: Vidyapeeta Circle,12.93546,77.56129,1
Cinepolis: Binnypet Mall,12.96579,77.56202,1
"Cinepolis: Orion East Mall, Banaswadi",13.00121,77.63265,1
Cinepolis: Royal Meenakshi Mall,12.876,77.59582,1
Cinesquare Savitha Theatre: Malleshwaram,12.99296,77.57113,1
"Deepak Theatre, Mahatma Gandhi Road",12.997947,77.5405319,1
Eshwari Digital 2K Cinema: Banashankari,12.92359,77.55344,1
Everest Digital 2K Cinema: Frazer Town,13.00013,77.61844,1
"Fame Shankarnag Chitramandira, Mahatma Gandhi Road",12.9743036,77.6098151,1
"Fun Cinemas: Sigma Mall, Bengaluru",12.9882,77.59477,1
Galaxy Paradise Screen 1: Bommanahalli Hosur Rd,12.89108,77.62648,1
Galaxy Paradise: Screen 2,12.89108,77.62648,1
"Ganesh Theatre, Attur",13.1001929,77.5872728,1
"Gopalan Cinemas: Arcade Mall, Mysore Road",12.93531,77.51761,1
Gopalan Cinemas: Bannerghatta Road,12.91444,77.5994,1
Gopalan Grand Mall: Old Madras Road,12.99336,77.66397,1
"Gopalan Miniplex: Signature Mall, Old Madras Road",12.99299,77.66188,1
Goverdhan Theatre: Yeshwantpur,13.02163,77.55132,1
"Guru Siddeshwara Chitra Mandira, Anjanapura",12.8728904,77.5575757,1
HMT Digital 4K Cinema: Jalahalli,13.0495,77.5439,1
Innovative Multiplex: Marathahalli,12.9519,77.69905,1
"INOX Lido: Off MG Road, Ulsoor",12.97324,77.62128,1
INOX: Brookefield Mall,12.96623,77.71794,1
"INOX: Central, JP Nagar, Mantri Junction",12.9164,77.59241,1
"INOX: Forum Neighbourhood Mall, Whitefield",12.9595,77.74789,1
"INOX: Garuda Mall, Magrath Road",12.97009,77.60943,1
"INOX: Garuda Swagath Mall, Jayanagar",12.92906,77.59123,1
"INOX: Mantri Square, Malleshwaram",12.99216,77.5703,1
Kamakya Cinema: Banashankari,12.92331,77.55334,1
Kapali Theatre: Gandhi Nagar,12.97791,77.57578,1
Keshava Theatre -,13.0282203,77.5538235,1
Lakshmi Digital 4K Cinema: Tavarekere,12.92524,77.60775,1
"Lakshmi Theatre, Dharmaram College",12.9362,77.6028377,1
"Lavanya, Sivan Chetty Gardens",12.9848012,77.6148355,1
Maheshwari Digital 4K Cinema: Bannerghatta Road,12.92339,77.59894,1
Manasa Digital 4K Dolby Atmos: Konanakunte,12.89064,77.5622,1
"Manasa Theatre, Doddakallasandra",12.8906129,77.5622187,1
Menaka Talkies: Gandhi Nagar,12.97314,77.57934,1
"Mohan Theatre, Magadi Main Road",12.9987083,77.5035393,1
Movie Land,12.9788182,77.5755948,1
Mukunda Dolby Atmos: M S Nagar,13.00325,77.63585,1
Murali Gokula Digital 4K Cinema: Mathikere,13.03842,77.5526,1
"N Lakshmi Chitra Mandira, B G Road",12.860183,77.589458,1
"Nalanda Theatre, Mysore Road",12.9605832,77.5578493,1
"Narendra Talkies, Arabic College",13.026733,77.62075,1
Nartaki Theatre: Gandhi Nagar,12.9743,77.57619,1
Nataraj Theatre: Sheshadripuram,12.9897863,77.5729823,1
Navrang Theatre: Rajaji Nagar,12.99784,77.5528,1
"Padma Theatre, Amruthahalli",13.0687241,77.6026388,1
Parimala Digital 2K Cinema: K.R.Market,12.963107,77.57705,1
Poornima Theatre: J.C. Road,12.96096,77.58742,1
Pradeep Theatre: K.R.Market,12.963106,77.577049,1
"Prasanna Theatre, Magadi Road",12.9740859,77.5520529,1
Pushpanjali A/C Theatre: B.N. Pura,12.99809,77.67521,1
"Pushpanjali Talkies, Dinnur Main Road",13.0218949,77.6031292,1
"PVR: Arena Mahadevapura, Bengaluru",12.97991,77.69319,1
"PVR: Forum Gold, Bengaluru",12.93463,77.6113,1
"PVR: Forum, Bengaluru",12.93463,77.6113,1
"PVR: IMAX, VR Bengaluru, Whitefield",12.99639,77.69531,1
"PVR: Market City (4DX), Bengaluru",12.99725,77.69573,1
"PVR: Market City, Bengaluru",12.99725,77.69573,1
"PVR: MSR Elements Mall, Bengaluru",13.04516,77.62658,1
"PVR: Orion Gold, Rajajinagar",13.011,77.55509,1
"PVR: Orion, Rajajinagar",13.011,77.55509,1
"PVR: Pepsi IMAX, Koramangala",12.93455,77.61109,1
"PVR: Soul Spirit Bellandur, Bengaluru",12.92676,77.67528,1
"PVR: Vaishnavi Sapphire Mall, Bengaluru",13.02414,77.54897,1
"PVR: VR Gold, Bengaluru",12.99651,77.69526,1
"PVR: VR, Bengaluru",12.99651,77.69526,1
Radhakrishna Theatre: R.T. Nagar,13.01337,77.59387,1
"Raja Murali Theatre, Kodigehalli Sahakar Nagar(post)",13.0605001,77.5768534,1
Rajarajeshwari Theatre: Nagarbhavi Circle,12.95695,77.50206,1
"Ranganatha Theatre, Mysore Road",12.9632206,77.5663842,1
Ravi Digital 2K Cinema: Ejipura,12.95124,77.62217,1
Rex Theatre: Brigade Road,12.97262,77.60663,1
"Robin Theatre, Chudenapura",12.9160026,77.479051,1
Sampige Digital 2k Cinema: Malleshwaram,12.99307,77.5711,1
Sandeep Theatre: Shivaji Nagar,12.98161,77.60294,1
Sandhya Digital 4K Projection Dolby Atmos: Madiwal,12.92101,77.61794,1
Sangeet Theatre: Shivaji Nagar,12.98161,77.60294,1
Santosh Theatre: Gandhinagar,12.97484,77.57638,1
Sapna Theatre: Gandhi Nagar,12.9743,77.57619,1
Sharada Cinemas A/C: S.P Road,12.96528,77.58471,1
"Shobha Talkies, Bhabuji Nagar",12.9574781,77.543303,1
"Soundarya Mahal, Antharahalli",12.9032569,77.5861215,1
Sri Balaji Digital 2K Cinema: Viveknagar,12.95686,77.61944,1
Sri Kokila Theatre: Hosakerehalli,12.93363,77.5373,1
Sri Krishna Digital 2K Cinema: Bommanahalli,12.90535,77.62936,1
Sri Krishna Theatre: KR Puram,13.00889,77.69893,1
Sri Lakshmi Theatre: Ramamurthy Nagar,13.0103,77.67387,1
"Sri Madeswara Chitra Mandira, Bangalore",12.9156484,77.5633059,1
"Sri Maruthi Theatre, Rajagopal Nagar",13.0122659,77.5098421,1
Sri Renuka Prasanna Theatre: J P Nagar,12.91506,77.58783,1
"Sri Siddalingeswara Chitra Mandira, Bangalore",12.9037028,77.5804877,1
Sri Srinivasa Theatre: Padmanabanagara,12.90898,77.55804,1
Sri Vajreshwari Theatre: Ullal,12.94238,77.48814,1
Sri Venkateshwara Theatre: Kengeri,12.90644,77.48277,1
Sri Vinayaka A/C Digital 2K Cinemas: Varthur,12.93572,77.74443,1
Sri Vinayaka Digital 2K Cinema (D.J.Halli),13.0144,77.60564,1
"Srinivasa Chitra Mandira, Kadugodi",12.9885232,77.7660591,1
Srinivasa Digital 4K Cinema: S.G. Palya,12.93188,77.60772,1
"Sujatha Talkies, Deepanjalinagar",12.9618776,77.5473551,1
"Super Talkies, Chickpet",12.9678583,77.5699123,1
"The Cinema GT World: Magadi Rd, Bengaluru",12.97345,77.55171,1
Thirumala Digital 2K Cinema: Agara,12.91991,77.64969,1
Triveni Theatre: Gandhinagar,12.97628,77.57538,1
"Tulsi Chitra Mandira, Marathalli",12.956319,77.6981967,1
"Uma Theatre, Chamrajpet",12.9554065,77.567022,1
Urvashi Digital 4K Cinema: Lalbagh Road,12.95607,77.58541,1
Vaibhav Digital 4K Cinema: Sanjaynagar,13.03558,77.57463,1
Vaibhavi A/C Theatre: Uttarahalli,12.90348,77.54415,1
Vainidhi Digital 2K Cinemas (Chandan): Singapura,13.07427,77.5405,1
Vaishnavi A/C Theatre: Uttarahalli,12.90348,77.54415,1
Veerabhadreshwara Theatre: Kamala Nagar,12.9931,77.52909,1
Veeresh Cinemas Screen 1: Magadi Rd,12.97707,77.54595,1
Veeresh Cinemas Screen 2: Magadi Rd,12.97707,77.54595,1
Venkateshwara A/c Digital 2K Cinema: K.R.Puram,13.00525,77.69667,1
"Venkateshwara Cinemas: Gollarahatti,Magadi Rd",12.98848,77.47392,1
Venkateshwara Digital 2K Cinema: Avalahalli Girina,12.94351,77.54797,1
Vijay Theatre: Byatarayanapura,12.94846,77.53969,1
Vijayalakshmi Digital 2K Cinema: Garudacharpalya,12.99348,77.70187,1
"Vinayaka Chitra Mandira, Marathahalli",12.9557258,77.6995081,1
"Vinayaka Theatre, Chamrajpet",12.9632205,77.5663841,1
Vinayaka Theatre: Harinagar,12.87488,77.57015,1
Vishal A/C Theatre: Kamakshipalya,12.98318,77.53018,1
"Vullas Theatre, Yeshwantpura",13.019888,77.551474,1
Abirami Cinemas: Chennai,13.086,80.24809,0
"Agasthiya, T.H Road",13.1239102,80.2878637,0
AGS Cinemas: T. Nagar,13.04745,80.24485,0
AGS Cinemas: Villivakkam,13.10471,80.209,0
Albert Complex,13.0761554,80.2638409,0
Anna Theatre: Chennai,13.06717,80.27129,0
"Annai Karumari, Virugambakkam",13.0530785,80.1931011,0
Arvind Theatre A/C dts,12.9153435,80.2297244,0
AVM Rajeswari A/C dts,13.0475424,80.2046086,0
"Baby Albert Theatre, Whannels Road",13.0761555,80.263841,0
"Bala Theatre, Anna Road",13.0949014,80.1855746,0
Bharath Theatre Dolby AtmosDolby Atmos,13.1102599,80.2797875,0
Casino Theatre: Chennai,13.06868,80.27017,0
"Chandran Theatre, Ashoknagar",13.0347676,80.2104299,0
Devi Karumari A/C,13.0499059,80.1934024,0
Devicineplex,13.0662224,80.2707235,0
Ega Cinema,13.0778725,80.2404635,0
Ganapathy Ram Theatre: Chennai,13.00397,80.25632,0
GK Cinemas 2K Dolby Atmos: Porur,13.03374,80.16108,0
INOX National: Arcot Road,13.04689,80.19036,0
"INOX: Chennai Citi Centre, Dr. RK Salai",13.04295,80.27379,0
Jothi Theatre 4K A/c DTS: ST Thomas Mount,13.00611,80.20134,0
Kamala CinemasF&B;,13.0489837,80.2101709,0
Kasi4K Dolby Atmos,13.0294637,80.2084348,0
"Krishnaveni, South Usman Raod",13.0346055,80.2307106,0
Kumaran Theatre QUBE A/C DTS: Madipakkam,12.97191,80.19214,0
Luxe Cinemas: Chennai,12.99154,80.21681,0
"Mahalakshmi Talkies, Strahans Road",13.0975215,80.256593,0
Maharani Theatre 2K dts,13.1175008,80.2842433,0
"Mayura, Arakonam Road",13.0997993,80.1698389,0
MM Theatre,13.1260232,80.2896379,0
Murugan Cinemas - AmbatturDolby Atmos,13.1135444,80.1572574,0
Nadhamuni Cinema,13.1034052,80.2022335,0
"Padmam, Poonamallee High Road",13.0690757,80.1889014,0
"Pandian, Moolakadai",13.1322548,80.2424585,0
"PVR: Ampa, Chennai",13.07359,80.22138,0
"PVR: Velachery, Chennai",12.97195,80.22036,0
Raj Theatre - A/C DTS: Chennai,13.0196,80.22324,0
Rakki Cinemas - Ambattur,13.1227657,80.1476317,0
Rohini Silver Screens: Chennai,13.07575,80.19586,0
"Roopam, Poonamallee High Road",13.0797983,80.2025852,0
Sangam Cinemas,13.0794633,80.2492933,0
"Saravana Theatre, Brick Kiln Road",13.0928614,80.2515167,0
"Sathyam Royapettah, Lloyds Estate",13.0553683,80.2579668,0
"SK-Marlen Cinemas 2K, Guindy: Alandur",13.00176,80.20358,0
"Spectrum Mall, Perambur North",13.1122465,80.2363247,0
Sri Bhuvaneshwari Theatre A/C dts,13.0916293,80.2583516,0
Sri Ganga Cinemas Dolby Atmos - KolathurDolby Atmos,13.1252216,80.2181625,0
"Sri Murugan, Ambattur",13.100996,80.164051,0
Srinivasa Theatre,13.0310779,80.2250651,0
"The Forum Vijaya Mall, Vadapalani",13.0497383,80.2095368,0
"Thirumurugan, Ambattur",13.1212603,80.1513583,0
Udhayam Complex,12.9596264,80.2433274,0
"Udhayam Theatre, Ashoknagar",13.0346888,80.2103968,0
Vetrrivel Theatre 2K - Nanganallur,12.9801087,80.1821216,0
Woodlands Complex: Chennai,13.05656,80.26497,0
"7D Mastiii: TDI Mall, Rajouri Garden, Delhi",28.65083,77.12087,4
Abhishek Cineplex: Chandni Chowk,28.65628,77.2342,4
Amba Cinema: Delhi,28.67724,77.20104,4
"Batra Cinema, Dr.Mukerjee Nagar",28.7113494,77.2150536,4
Batra Reels Cinemas: New Friends Colony,28.56153,77.26865,4
Carnival: Odeon Complex,28.63429,77.22107,4
"Cinepolis: Cross River Mall, Mall, Shahdara",28.65681,77.30189,4
"Cinepolis: Unity One Mall Rohini, Delhi",28.71513,77.11631,4
"Cinepolis: V3S Mall, Laxmi Nagar",28.63711,77.28606,4
Delite Cinema: Asaf Ali Road,28.64122,77.23587,4
"DT Cinemas: DLF Place, Saket",28.5274,77.21713,4
DT Cinemas: Savitri Complex GK2,28.54135,77.24011,4
"Fun Cinemas: North Square Mall, Pitampura",28.69151,77.14843,4
"Fun Cinemas: TDI Mall, Moti Nagar",28.65668,77.13945,4
G3S Cinema: Rohini,28.73469,77.11376,4
Gagan Cinema: Delhi,28.69635,77.31493,4
"Hans Cinema, G.T Karnal Road",28.7031355,77.1824101,4
INOX Eros One: Jangpura Extn,28.58122,77.24199,4
Liberty Cinema: Karol Bagh,28.65941,77.18973,4
M Cinemas: East of Kailash (Gold Class),28.55923,77.24623,4
M2K: Pitampura,28.68925,77.13326,4
M2K: Rohini,28.70094,77.1166,4
"Milan Cineplex, Karampura",28.6626009,77.1462858,4
Miraj Cinemas: Subhash Nagar,28.63874,77.1069,4
"Moti Cinema, Chandni Chowk",28.656595,77.235293,4
Movietime: Pitampura,28.70582,77.14283,4
Movietime: Raja Garden,28.65266,77.12335,4
PVR Promenade: Vasant Kunj,28.54262,77.15575,4
"PVR: 3CS, Delhi",28.56778,77.24099,4
"PVR: Anupam, Delhi",28.52374,77.20716,4
"PVR: Director's Cut, Ambience Delhi",28.5408,77.15479,4
"PVR: Naraina, Delhi",28.63308,77.13889,4
"PVR: Pacific, Delhi",28.64269,77.10595,4
"PVR: Plaza-CP, Delhi",28.63515,77.21966,4
"PVR: Prashant Vihar, Delhi",28.71251,77.13594,4
"PVR: Priya, Delhi",28.55732,77.16449,4
"PVR: Rivoli, Delhi",28.63101,77.21636,4
"PVR: Sangam, Delhi",28.57239,77.1735,4
"PVR: Select City Walk (Gold), Delhi",28.52857,77.21973,4
"PVR: Select City Walk, Delhi",28.52857,77.21973,4
PVR: Shalimar Bagh,28.70282,77.15833,4
"PVR: Vikaspuri, Delhi",28.63902,77.07448,4
Q Cinemas: Shahdara,28.67512,77.28808,4
"Ritz Cinema: Kashmere Gate, Delhi",28.66669,77.22984,4
Satyam Janak Place-NCR,28.629686,77.081896,4
Satyam Nehru Place-NCR,28.550044,77.251155,4
Satyam Patel Nagar-NCR,28.6504,77.1576999,4
Shiela Cinema: Delhi,28.64457,77.21691,4
Suraj Cinema - Najafgarh-NCR,28.6111587,76.9764621,4
"Vishal Cinema, Janta Market",28.6555642,77.118129,4
Wave: Raja Garden,28.65193,77.1208,4
Alankar (Pratap Theatre): Langer House,17.37651,78.4196,7
Amba Theatre: Mehdipatnam,17.39167,78.44133,7
Anjali Theatre: Secunderabad,17.43751,78.49338,7
Aradhna Theatre-Tarnaka,17.4248734,78.5333863,7
Arjun 70MM: Kukatpally,17.49677,78.39703,7
Asian CineSquare Multiplex: Uppal,17.40215,78.57207,7
Asian Ganga: Dilsukhnagar,17.36117,78.5231,7
Asian GPR Multiplex: Kukatpally,17.49923,78.39067,7
Asian Jyothi: RC Puram,17.50277,78.31221,7
Asian Lakshmikala Cinepride: Moosapet,17.46753,78.42831,7
Asian M Cube Mall: Attapur,17.37169,78.43027,7
Asian Radhika Multiplex: ECIL,17.47656,78.56309,7
Asian Sha: Chintal,17.4922,78.45173,7
Asian Shahensha: Chintal,17.4922,78.45173,7
Asian Shiva: Dilsukhnagar,17.36117,78.5231,7
Asian Swapna 35mm: Katedan,17.31143,78.43869,7
Asian Swapna 70mm: Katedan,17.31143,78.43869,7
"ASR Cinemas, Madhuban Colony",17.3083079,78.4319946,7
Bhujanga 70MM: Jeedimetla,17.5122,78.44861,7
BR Hitech 70mm: Madhapur,17.44442,78.38823,7
"Brahmarambha 70 Mm, Hyder nagar",17.5000891,78.386969,7
BVK Multiplex Vijayalakshmi: LB Nagar,17.34365,78.55422,7
Carnival: Ameerpet,17.43026,78.44846,7
Cine Town: Miyapur,17.49534,78.35329,7
"Cinepolis: CCPL Mall, Hyderabad",17.45718,78.53681,7
"Cinepolis: Manjeera Mall, Kukatpally",17.48978,78.39322,7
"Cinepolis: Mantra Mall, Attapur",17.35388,78.4206,7
Devi 70mm 4K & Dolby Atmos: RTC X Roads,17.40627,78.49504,7
Galaxy Cinema: Toli Chowki,17.40324,78.41086,7
"Ganga Theatre, Chaithanyapuri Colony",17.3719842,78.535892,7
Glory Cinema: Mallepally,17.39404,78.45831,7
Gokul 70MM: Erragadda,17.45358,78.43435,7
Indra: Karmanghat,17.34507,78.53179,7
"INOX: GVK One, Banjara Hills",17.4195,78.44861,7
"INOX: Maheshwari Parmeshwari Mall, Kachiguda",17.39052,78.48862,7
Kalyani Movie Max: Bowenpally,17.47373,78.47971,7
Konark: Dilsukhnagar,17.3686,78.51865,7
Kumar Theatre: Kachiguda,17.38886,78.49632,7
Lakshmi Kala Mandir: Alwal,17.49476,78.51121,7
"Mallikarjuna 70 Mm, Hyder nagar",17.5000892,78.38697,7
"Manikanta, Reddy Colony",17.337529,78.549634,7
Manju Cinema: Kalasiguda,17.44048,78.4936,7
Megha Theatre: Dilsukhnagar,17.36796,78.52666,7
Metro Cinema: Bahadurpura,17.35587,78.45374,7
"Miraj Cinemas: Shalini Shivani, Hyderabad",17.36764,78.5362,7
Mukta A2 Cinemas: Abids,17.38586,78.47723,7
"Nagendra 70 Mm, Main Road",17.3561,78.5333,7
Nagendra: Karmanghat,17.34507,78.53179,7
Nartaki Theatre: Alwal,17.49423,78.5133,7
Padmavati Cinema: Kachiguda,17.39063,78.4916,7
Prasads: Hyderabad,17.33215,78.47,7
Prashant Cinema: Secunderabad,17.43958,78.49856,7
"Pratap Theatre, Gandhi Bhawan",17.3882628,78.4707395,7
Priya Theatre: Malleypally,17.39049,78.4549,7
"PVR Forum Sujana Mall: Kukatpally, Hyderabad",17.48452,78.38904,7
"PVR: Inorbit, Cyberabad",17.43505,78.38674,7
"PVR: Panjagutta, Hyderabad",17.42675,78.45295,7
"PVR: RK Cineplex, Hyderabad",17.42332,78.42792,7
Raghavendra 35mm: Malkajgiri,17.4513,78.53616,7
Raghavendra 70mm: Malkajgiri,17.4513,78.53616,7
Raghavendra Mini: Malkajgiri,17.4513,78.53616,7
Rajdhani 70mm: Dilsukhnagar,17.36855,78.52989,7
Rajdhani Deluxe Theatre: Dilsukhnagar,17.36897,78.52737,7
Rajyalakshmi 70mm: Uppal,17.39664,78.5603,7
Ramakrishna 70MM - Indra Cinemas: Abids,17.38591,78.47678,7
Ranga Theatre: Jeedimetla,17.51207,78.44833,7
Rukmini Cinema: Patancheru,17.53212,78.26473,7
Sai Ranga: Miyapur,17.49551,78.35974,7
Sampoorna 70mm: Vanasthalipuram,17.33121,78.57603,7
Sandhya 35mm: RTC X Roads,17.40691,78.49726,7
Sandhya 70mm: RTC X Roads,17.40691,78.49726,7
Santosh Cinemas: Abids,17.39103,78.47569,7
Sapna Cinemas: Abids,17.39103,78.47569,7
"Sapthagiri 70Mm, Ashoknagar",17.40743,78.496222,7
Sapthagiri Theatre: RTC X Roads,17.40803,78.4968,7
Satyam Theatre: Ameerpet,17.43715,78.44877,7
Select Talkies: Bolaram,17.51147,78.51067,7
Sensation Insomnia: Khairatabad,17.40693,78.46363,7
Sensation Sunshine: Khairatabad,17.40714,78.46361,7
Shama Cinema: Hyderabad,17.34158,78.46565,7
Shanti Theatre: Narayanaguda,17.39622,78.48986,7
Sharada 70mm: Kapra,17.48324,78.55533,7
"Sheeshmahal Cinema, Begumpet",17.43461,78.448894,7
Shiva Parvathi Cinema: Kukatpally,17.4966,78.39707,7
"Shiva Theatre, Chaithanyapuri Colony",17.3610291,78.5229013,7
Sree Rama Theatre: Bahadurpura,17.35449,78.4573,7
Sree Ramana 70MM: Amberpet,17.39247,78.51578,7
Sree Ramulu 70mm: Moosapet,17.46784,78.42939,7
Sree Sai Puja: Suraram,17.54458,78.43474,7
Sree Sai Raja Theatre: Musheerabad,17.41634,78.49944,7
Sri Krishna 70MM: Uppal,17.40084,78.56788,7
"Sri Lakshmi Deluxe, Main Road",17.494647,78.3977,7
Sri Lakshmi Deluxe: Karmanghat,17.34575,78.53156,7
Sri Mayuri Theatre: RTC X Roads,17.40747,78.49604,7
"Sri Sai Ram Theatre, MainRoad",17.368235,78.526694,7
Sri Sai Ram Theatre: Malkajgiri,17.44632,78.5354,7
Sridevi Cinema: Chilakalguda,17.43143,78.51297,7
Srilatha and Sridevi Complex: Chanda Nagar,17.49805,78.3171,7
"Srinivas Theatre, Allapur",17.4345092,78.4467967,7
Srinivasa Talkies: Uppal,17.40106,78.56853,7
SSV Cine Park: Patancheru,17.53196,78.27094,7
Sudarshan 35mm 4k & Dolby Atmos: RTC X Roads,17.40646,78.49503,7
"Suresh, Sitaphalmandi",17.4269211,78.5161231,7
Sushma Cinema: Vanasthalipuram,17.3358,78.57353,7
SVC Cinemas Eeshwar: Attapur,17.36645,78.42768,7
SVC Mahalakshmi Screen 1: Kothapet,17.36944,78.53973,7
SVC Mahalakshmi Screen 2: Kothapet,17.36944,78.53973,7
SVC Sangeetha Theatre: RC Puram,17.51352,78.2866,7
SVR's Siva Sakthi Theatre: Kapra,17.47652,78.56276,7
Talluri Theatres: Kushaiguda,17.47771,78.57246,7
Tarakarama Cineplex: Kachiguda,17.39065,78.48796,7
Tivoli Cinema: Extreme,17.44724,78.49246,7
Tivoli Cinema: Hyderabad,17.44833,78.49304,7
"Usha Mayuri, Ashoknagar",17.405727,78.488421,7
Venkatadri Cinema 70MM: Dilsukhnagar,17.36799,78.52345,7
Venkataramana Cinema: Kachiguda,17.39069,78.49141,7
Vijetha 70MM: Borabanda,17.45421,78.41913,7
Vimal 70mm: Balanagar,17.46361,78.45124,7
Vishnu Cinemas A/C DTS: Vanasthalipuram,17.33902,78.56577,7
Viswanath 70MM Theater: Kukatpally,17.49677,78.39703,7
Vyjayanthi Cinema: Nacharam,17.42889,78.55238,7
Yadagiri Theatre: Santosh Nagar,17.34657,78.50888,7
"Yakut Mahal Talkies, Yakutpura",17.3616553,78.4857269,7
"Ajantha Theatre, Mattancherry Jetty",9.9538634,76.2475442,6
"Cinemax: Oberon, Kochi",10.01432,76.31232,6
"Cinepolis: Centre Square Mall, Kochi",9.9778687,76.2831729,6
"Cinepolis: VIP Centre Square Mall, Kochi",9.9778687,76.2831729,6
"Evm Cinema Studio, KSRTC Road",9.9468236,76.2556623,6
EVM Kavitha Theatre 2K UFO: Ernakulam,9.978573,76.28262,6
"Jayalakshmi Talkies, Palluruthy",9.924479,76.2714001,6
"Jyothy, PP Road",9.9579586,76.2902266,6
"Kanoos Cinema, Panampilly Nagar",9.9598034,76.2892536,6
Padma Cinema Screen 1: Ernakulam,9.981755,76.2826,6
Padma Cinema Screen 2: Ernakulam,9.981755,76.2826,6
"Pratheeksha Theatre, Kumbalangi Road",9.9142577,76.2788272,6
Q Cinemas: Gold Souk Grande,9.977553,76.31627,6
Sarita Cinema: Kochi,9.984626,76.27759,6
Sridar Cinemas: Ernakulam,9.979525,76.27683,6
11D Adventureplex: Quest Mall,22.52575,88.35952,3
7D Adventure Plex: Mani Square Mall,22.57758,88.4006,3
"Aleya Cinema, Ballygunge RS",22.52022,88.367129,3
Asoka Cinema: Behala,22.49382,88.31637,3
"Basusree, SP Mukherjee Road",22.5226283,88.3462934,3
"Bhabani Cinema, Indrani Park",22.5055091,88.3451152,3
"Bijoli Cinema, Bhawanipore",22.5271158,88.34657,3
Bina Cinema - Kolkatta,22.5814515,88.3658105,3
"Chabighar, Parsibagan",22.5795878,88.3724625,3
"Cinepolis: Acropolis Mall, Kolkata",22.51558,88.39319,3
"Cinepolis: Lake Mall, Kolkata",22.51652,88.34876,3
"Crown Cinema, Dharmatala",22.5598378,88.3582877,3
"Darpana, Bidhan Sarani",22.5977679,88.372279,3
"Elite Cinema, Dharmatala",22.5630154,88.3538713,3
"Ellora Cinema, Behala Municipal Market",22.5000008,88.31873,3
Hind INOX: Kolkata,22.56492,88.3591,3
Indira Cinema: Kolkata,22.52712,88.34657,3
"INOX: Forum Mall, Elgin Road",22.53844,88.3513,3
INOX: Hiland Park,22.48339,88.39075,3
INOX: Quest Mall,22.53914,88.36565,3
INOX: Quest Mall (Insignia),22.53914,88.36565,3
"INOX: South City, Kolkata",22.50136,88.36196,3
"INOX: Swabhumi, Maulana Azad Sarani",22.57114,88.40126,3
"Jagat, Sealdah",22.5714426,88.371308,3
"Kamal Talkies, Garden Reach",22.5485444,88.2891741,3
"Khatoon Mahal, Garden Reach",22.5486653,88.2809764,3
"Liberty Cinema, Beadon Street",22.5887838,88.3632207,3
London Paris: Mukti World Ballygunge,22.52623,88.36665,3
"Malancha Cinema, Netaji Nagar",22.4870162,88.3506847,3
"Mayur Cinema, Chittaranjan Avenue",22.5751236,88.3538911,3
Menoka Cinema: Kolkata,22.51115,88.35068,3
"Minar Cinema, R.G.Kar Medical College",22.5973062,88.3718559,3
Mitra Cinema Hall: Kolkata,22.59727,88.37205,3
"Moonlight Cinema, Chittaranjan Avenue",22.5775595,88.3598131,3
Navina Cinema: Tollygunge,22.501,88.34881,3
"Netro, Dum Dum",22.6210274,88.3928183,3
"New Empire Cinema, New Market",22.5605129,88.3514889,3
"Padmasree Cinema, Jadavpore",22.4728672,88.37637,3
Paradise Cinema: Kolkata,22.5668,88.35196,3
"Park Show House, Shakespeare Sarani",22.5462997,88.3622103,3
"Prabhat Cinema, Barabazar",22.5789136,88.3606355,3
Prachi Cinema: Kolkata,22.56487,88.36829,3
Priya Cinema: Rashbehari Avenue,22.51794,88.35438,3
"PVR: Mani Square Mall, Kolkata",22.57771,88.4009,3
"Ragini Cinema, Beliaghata",22.5616213,88.4063598,3
"Regal Cinema, Dharmatala",22.5628269,88.3526567,3
Regal Cinema: Kolkata,22.56284,88.35266,3
Roxy Talkies: Kolkata,22.56229,88.35205,3
"Star Theatre, Bidhan Sarani",22.5972365,88.3719017,3
"Talkie Show House, Sibdas Bhaduri St",22.5985914,88.373945,3
24 Karat: Jogeshwari,19.14108,72.84372,5
"Akash Cinema, Kurla North",19.0668861,72.8786582,5
"Alankar Cinema, Ambewadi",18.9579554,72.8254315,5
"Amar Theatre, Chembur",19.0523111,72.9101544,5
"Ashish Theatre, Chembur Extension",19.039534,72.89525,5
Bahar Cinema: Vile Parle (E),19.10867,72.85335,5
"Bharat Chitra Mandir, Kurla North",19.071989,72.884082,5
Bharat Cineplex: Kurla (W),19.06685,72.87733,5
"Carnival: Annex Mall, Borivali",19.21546,72.86812,5
"Carnival: Dreams Mall, Bhandup",19.14617,72.93694,5
"Carnival: Harmony Mall, Oshiwara",19.15756,72.83473,5
"Carnival: Huma, Kanjurmarg",19.12873,72.92615,5
"Carnival: IMAX, Wadala",19.03122,72.881,5
"Carnival: Moviestar, Goregaon",19.1513,72.84638,5
Carnival: R Mall Mulund,19.18385,72.95173,5
"Carnival: Sangam, Andheri",19.11239,72.86467,5
Central Plaza: Girgaon,18.95464,72.81875,5
Chandan Cinema: Juhu,19.1147,72.8269,5
Chitra Cinema: Dadar (E),19.01336,72.84388,5
Cinemax: Andheri (E),19.11633,72.85641,5
Cinemax: Goregaon (W),19.15758,72.84491,5
"Cinemax: Infiniti Mall, Malad (W)",19.18512,72.83401,5
"Cinemax: R Odeon Mall, Ghatkopar (E)",19.0796,72.90937,5
"Cinepolis: Fun Republic Mall, Andheri (W)",19.13469,72.83279,5
"Cinepolis: Magnet Mall, Bhandup (W)",19.14114,72.93097,5
Citylight Cinema: Mahim,19.03054,72.84139,5
"Edward Talkies, Kalbadevi",18.945067,72.828944,5
EROS Theatre,18.932265,72.8279021,5
"Fun Cinemas: K Star Mall, Chembur",19.05235,72.90172,5
G7 Multiplex: Bandra (W),19.06148,72.83872,5
Gold Cinema: Dadar (E),19.00916,72.84208,5
Gold Cinema: Santacruz (W),19.08958,72.83912,5
Gold Cinema: Sona Borivali (E),19.23479,72.86494,5
"Gulshan Cinema, Ambewadi",18.9611893,72.8237326,5
"Imperial Cinema Pvt Ltd., Ambewadi",18.9585704,72.8174214,5
"INOX Laserplex: CR2, Nariman Point",18.92648,72.82293,5
"INOX: Inorbit Mall, Malad (W)",19.17238,72.83547,5
"INOX: Nakshatra Mall, Dadar (W)",19.0199,72.84133,5
"INOX: Neelyog, Ghatkopar (E)",19.08522,72.90917,5
"INOX: Raghuleela Mall, Kandivali (W)",19.21345,72.84918,5
"INOX: R-City, Ghatkopar",19.09982,72.91545,5
"INOX: Thakur Movie, Kandivali (E)",19.21198,72.87165,5
"Kalpana Cinema, Kurla North",19.0774572,72.8789704,5
"Kamran Theatre, Kurla North",19.077327,72.8788352,5
Kasturba Cinema: Malad,19.18786,72.84753,5
"Kings Cinema, Kurla North",19.0774291,72.8789924,5
"KSS Miniplex, Kurla North",19.0819265,72.8861376,5
Le Reve (Globus): Bandra (W),19.05605,72.83383,5
Liberty Cinema: Marine Lines,18.94143,72.82727,5
Maratha Mandir: Mumbai Central,18.97133,72.82214,5
Maxus Cinemas: Borivali (W),19.23223,72.82884,5
Maxus Cinemas: Saki Naka,19.09339,72.88374,5
"Mayur Cinema, Subhash Lane",19.2020115,72.8450572,5
"Metro INOX Cinemas, Marine Lines",18.9430131,72.8288781,5
Miraj Anupam Cinemas: Goregaon (E),19.16545,72.85126,5
Miraj Thakur Cinemas: Kandivali (E),19.20909,72.87242,5
"Moti Cinema, Ambewadi",18.9583336,72.8265371,5
Movietime Star City: Matunga (W),19.0286,72.8436,5
Movietime Suburbia: Bandra (W),19.06099,72.83685,5
Movietime: Dahisar (E),19.25194,72.86307,5
Movietime: Malad,19.18909,72.83519,5
"Movietime: The Hub, Goregaon",19.1548,72.85626,5
"Mukta A2 Cinemas: Jai Hind, Lalbaugh",18.98584,72.83596,5
"Mukta A2 Cinemas: Topiwala, Goregaon",19.16381,72.84758,5
Nandi Cinema: National Library Road,19.05546,72.83874,5
Natraj Cinema: Chembur,19.06247,72.89922,5
New Excelsior Mukta A2 Cinemas: Fort,18.93768,72.83344,5
"New Shirin Talkies, Agripada",18.9811379,72.8260349,5
"Nishat Talkies, Falkland Road",18.9620811,72.8237374,5
"Palace Talkies, V J B Udyan",18.9759324,72.8331947,5
Paradise E-Square Cinema: Mahim,19.0372,72.84256,5
Plaza Cinema: Dadar,19.02185,72.84276,5
Premier Gold: Dongri,18.96089,72.83809,5
Premiere Cinema: Dadar (E),19.00752,72.84061,5
PVR ICON: Versova,19.14147,72.83059,5
PVR ICON: Versova (Gold),19.14147,72.83059,5
"PVR: Citi Mall, Andheri (W)",19.13854,72.83122,5
"PVR: Dynamix, Juhu",19.11482,72.82753,5
"PVR: Growel, Kandivali (E)",19.20261,72.86005,5
"PVR: Market City, Kurla (4DX)",19.08571,72.88842,5
"PVR: Market City, Kurla (Gold)",19.08571,72.88842,5
"PVR: Market City, Kurla (Premiere)",19.08571,72.88842,5
"PVR: Milap, Kandivali (W)",19.19617,72.84706,5
"PVR: Nirmal Lifestyle, Mulund (W)",19.16732,72.93695,5
"PVR: Oberoi Mall, Goregaon (E)",19.17399,72.86125,5
"PVR: Phoenix, Kotak IMAX, Lower Parel",18.9952,72.82407,5
"PVR: Phoenix, Lower Parel",18.9952,72.82407,5
PVR: Sion,19.04175,72.86422,5
"PVR: Sona Shopping Centre, Kandivali (W)",19.20243,72.8511,5
Regal Cinema: Colaba,18.92472,72.83243,5
"RNA Play Cinema: Kalanagar, Bandra (E)",19.06131,72.85097,5
Roxy Cinema: Charni Road,18.95486,72.81667,5
"Royal Talkies, Falkland Road",18.9614956,72.8238455,5
Sangeeta Cineplex: Malad,19.18976,72.85168,5
"Shalimar Cinema, Bharat Nagar",18.9616462,72.8210111,5
"Sharad Talkies, Chembur",19.0506621,72.9104431,5
Sharada Cinema: Dadar (E),19.01385,72.84666,5
"Sheetal Cinema, Kurla North",19.0825802,72.8822279,5
"Shri Krishna Cinema, Bhandup Ind. Estate",19.151394,72.936919,5
"Silver Cinema, Ambewadi",18.9586775,72.8254684,5
Sterling Cineplex: Fort,18.93838,72.83307,5
Sun City: Vile Parle,19.10541,72.84651,5
"Super Cinema, Bharat Nagar",18.9620626,72.8209921,5
Super Cinema: Grant Road,18.962068,72.821162,5
